method,test_idx,sex,p_before,p_after,slack,flipped,delta_education-num,w_education-num,delta_hours-per-week,w_hours-per-week,delta_capital-gain,w_capital-gain,delta_capital-loss,w_capital-loss,workclass_before,workclass_after,w_workclass_step,occupation_before,occupation_after,w_occupation_step,burden_total
unconstrained_ar,556,Male,0.17301208202622045,0.5000745564355574,0.0,1,0.0,2.0,0.0,1.0,4770.0,1.5,0.0,1.0,Self-emp-not-inc,Self-emp-not-inc,5.0,Handlers-cleaners,Handlers-cleaners,5.0,0.07155071550715507
unconstrained_ar,2892,Male,0.2938902942726982,0.5000683623099966,0.0,1,0.0,2.0,0.0,1.0,2673.0,1.5,0.0,1.0,Local-gov,Local-gov,5.0,Craft-repair,Craft-repair,5.0,0.04009540095400954
unconstrained_ar,3319,Female,0.41092547576482324,0.5000103963996153,0.0,1,0.0,2.0,0.0,1.0,1098.0,1.5,0.0,1.0,Local-gov,Local-gov,5.0,Prof-specialty,Prof-specialty,5.0,0.016470164701647017
unconstrained_ar,4265,Male,0.008382704657955646,0.5000176115302235,0.0,1,0.0,2.0,0.0,1.0,14551.0,1.5,0.0,1.0,Private,Private,5.0,Adm-clerical,Adm-clerical,5.0,0.2182671826718267
unconstrained_ar,4012,Female,0.3708462919823538,0.500051117586123,0.0,1,0.0,2.0,0.0,1.0,1612.0,1.5,0.0,1.0,Private,Private,5.0,Adm-clerical,Adm-clerical,5.0,0.024180241802418023
unconstrained_ar,3305,Female,0.027242046865544444,0.5000519186398102,0.0,1,0.0,2.0,0.0,1.0,10900.0,1.5,0.0,1.0,Private,Private,5.0,Adm-clerical,Adm-clerical,5.0,0.16350163501635015
unconstrained_ar,2101,Female,0.418502111883306,0.5000234216308072,0.0,1,0.0,2.0,0.0,1.0,1003.0,1.5,0.0,1.0,Private,Private,5.0,Prof-specialty,Prof-specialty,5.0,0.015045150451504515
unconstrained_ar,1726,Male,0.1797955918999543,0.5000212238993607,0.0,1,0.0,2.0,0.0,1.0,4627.0,1.5,0.0,1.0,Private,Private,5.0,Other-service,Other-service,5.0,0.06940569405694057
unconstrained_ar,5204,Male,0.009765523305449475,0.5000762645959355,0.0,1,0.0,2.0,0.0,1.0,14082.0,1.5,0.0,1.0,Private,Private,5.0,Other-service,Other-service,5.0,0.2112321123211232
unconstrained_ar,5201,Female,0.01677918840362637,0.5000549444519481,0.0,1,0.0,2.0,0.0,1.0,12410.0,1.5,0.0,1.0,State-gov,State-gov,5.0,Other-service,Other-service,5.0,0.18615186151861518
unconstrained_ar,4581,Female,0.002735013618729218,0.5000432602901683,0.0,1,0.0,2.0,0.0,1.0,17983.0,1.5,0.0,1.0,State-gov,State-gov,5.0,Adm-clerical,Adm-clerical,5.0,0.26974769747697475
unconstrained_ar,1985,Male,0.034876519103296075,0.5000639758245782,0.0,1,0.0,2.0,0.0,1.0,10123.0,1.5,0.0,1.0,Private,Private,5.0,Sales,Sales,5.0,0.15184651846518465
unconstrained_ar,5814,Female,0.22166274732801536,0.500010778277608,0.0,1,0.0,2.0,0.0,1.0,3829.0,1.5,0.0,1.0,Private,Private,5.0,Prof-specialty,Prof-specialty,5.0,0.057435574355743556
unconstrained_ar,5570,Male,0.012872197823843497,0.50004327993583,0.0,1,0.0,2.0,0.0,1.0,13230.0,1.5,0.0,1.0,Private,Private,5.0,Craft-repair,Craft-repair,5.0,0.1984519845198452
unconstrained_ar,5922,Female,0.05609758676762941,0.500034773802817,0.0,1,0.0,2.0,0.0,1.0,8606.0,1.5,0.0,1.0,Private,Private,5.0,Exec-managerial,Exec-managerial,5.0,0.12909129091290913
unconstrained_ar,4200,Male,0.4485185134714348,0.500000932832423,0.0,1,0.0,2.0,0.0,1.0,630.0,1.5,0.0,1.0,Private,Private,5.0,Machine-op-inspct,Machine-op-inspct,5.0,0.009450094500945009
unconstrained_ar,5211,Male,0.07085143647564987,0.5000197733362669,0.0,1,0.0,2.0,0.0,1.0,7846.0,1.5,0.0,1.0,Private,Private,5.0,Machine-op-inspct,Machine-op-inspct,5.0,0.11769117691176911
unconstrained_ar,3558,Male,0.02061767655624066,0.5000496204228588,0.0,1,0.0,2.0,0.0,1.0,11770.0,1.5,0.0,1.0,Private,Private,5.0,Other-service,Other-service,5.0,0.17655176551765517
unconstrained_ar,2148,Female,0.0008908565680764172,0.500034275291871,0.0,1,0.0,2.0,0.0,1.0,21408.0,1.5,0.0,1.0,Private,Private,5.0,Other-service,Other-service,5.0,0.32112321123211235
unconstrained_ar,1289,Male,0.23014323747686305,0.5000805571208873,0.0,1,0.0,2.0,0.0,1.0,3682.0,1.5,0.0,1.0,Self-emp-not-inc,Self-emp-not-inc,5.0,Farming-fishing,Farming-fishing,5.0,0.055230552305523054
unconstrained_ar,2842,Female,0.15846114256520857,0.5000758320416235,0.0,1,0.0,2.0,0.0,1.0,5091.0,1.5,0.0,1.0,Self-emp-inc,Self-emp-inc,5.0,Sales,Sales,5.0,0.07636576365763657
unconstrained_ar,3426,Female,0.05229086393267006,0.500076765063064,0.0,1,0.0,2.0,0.0,1.0,8833.0,1.5,0.0,1.0,State-gov,State-gov,5.0,Tech-support,Tech-support,5.0,0.13249632496324965
unconstrained_ar,5760,Male,0.028298392796952298,0.5000753553078608,0.0,1,0.0,2.0,0.0,1.0,10781.0,1.5,0.0,1.0,Private,Private,5.0,Other-service,Other-service,5.0,0.16171661716617167
unconstrained_ar,3495,Female,0.028600295350127664,0.5000177520017974,0.0,1,0.0,2.0,0.0,1.0,10747.0,1.5,0.0,1.0,Private,Private,5.0,Exec-managerial,Exec-managerial,5.0,0.16120661206612066
unconstrained_ar,5326,Male,0.269444629220272,0.5000280689807757,0.0,1,0.0,2.0,0.0,1.0,3041.0,1.5,0.0,1.0,Private,Private,5.0,Transport-moving,Transport-moving,5.0,0.04561545615456154
unconstrained_ar,5774,Female,0.012175214016459344,0.5000554457361946,0.0,1,0.0,2.0,0.0,1.0,13402.0,1.5,0.0,1.0,Private,Private,5.0,Adm-clerical,Adm-clerical,5.0,0.2010320103201032
unconstrained_ar,1463,Female,0.021416458791278896,0.5000793049656547,0.0,1,0.0,2.0,0.0,1.0,11652.0,1.5,0.0,1.0,Private,Private,5.0,Other-service,Other-service,5.0,0.17478174781747818
unconstrained_ar,1220,Male,0.4941566509974367,0.5000610146882596,0.0,1,0.0,2.0,0.0,1.0,72.0,1.5,0.0,1.0,Local-gov,Local-gov,5.0,Prof-specialty,Prof-specialty,5.0,0.001080010800108001
unconstrained_ar,2776,Male,0.446952430572739,0.5000577229344056,0.0,1,0.0,2.0,0.0,1.0,650.0,1.5,0.0,1.0,Private,Private,5.0,Craft-repair,Craft-repair,5.0,0.009750097500975009
unconstrained_ar,190,Male,0.44339063945583984,0.5000609499368514,0.0,1,0.0,2.0,0.0,1.0,694.0,1.5,0.0,1.0,Private,Private,5.0,Transport-moving,Transport-moving,5.0,0.01041010410104101
unconstrained_ar,2519,Male,0.07138369091973228,0.5000658607073855,0.0,1,0.0,2.0,0.0,1.0,7822.0,1.5,0.0,1.0,Private,Private,5.0,Adm-clerical,Adm-clerical,5.0,0.11733117331173312
unconstrained_ar,4362,Male,0.37732317751005334,0.500077968163137,0.0,1,0.0,2.0,0.0,1.0,1528.0,1.5,0.0,1.0,Private,Private,5.0,Machine-op-inspct,Machine-op-inspct,5.0,0.022920229202292024
unconstrained_ar,3296,Male,0.34364998499128285,0.500035618542226,0.0,1,0.0,2.0,0.0,1.0,1973.0,1.5,0.0,1.0,Local-gov,Local-gov,5.0,Adm-clerical,Adm-clerical,5.0,0.029595295952959528
unconstrained_ar,4531,Male,0.029196522059141135,0.500080822079358,0.0,1,0.0,2.0,0.0,1.0,10683.0,1.5,0.0,1.0,Private,Private,5.0,Handlers-cleaners,Handlers-cleaners,5.0,0.16024660246602465
unconstrained_ar,361,Male,0.11490797329799614,0.5000324252484327,0.0,1,0.0,2.0,0.0,1.0,6224.0,1.5,0.0,1.0,Private,Private,5.0,Craft-repair,Craft-repair,5.0,0.09336093360933609
unconstrained_ar,2964,Female,0.04404863611888764,0.5000528966493165,0.0,1,0.0,2.0,0.0,1.0,9382.0,1.5,0.0,1.0,Federal-gov,Federal-gov,5.0,Adm-clerical,Adm-clerical,5.0,0.14073140731407313
unconstrained_ar,571,Male,0.020370925752129825,0.5000109363744403,0.0,1,0.0,2.0,0.0,1.0,11807.0,1.5,0.0,1.0,Private,Private,5.0,Handlers-cleaners,Handlers-cleaners,5.0,0.17710677106771067
unconstrained_ar,731,Male,0.4204036798630502,0.5000074453888383,0.0,1,0.0,2.0,0.0,1.0,979.0,1.5,0.0,1.0,Private,Private,5.0,Machine-op-inspct,Machine-op-inspct,5.0,0.014685146851468515
unconstrained_ar,754,Male,0.3853347376539142,0.5000390983952523,0.0,1,0.0,2.0,0.0,1.0,1424.0,1.5,0.0,1.0,Self-emp-not-inc,Self-emp-not-inc,5.0,Farming-fishing,Farming-fishing,5.0,0.02136021360213602
unconstrained_ar,608,Female,0.127392956352026,0.5000110865534062,0.0,1,0.0,2.0,0.0,1.0,5866.0,1.5,0.0,1.0,Private,Private,5.0,Craft-repair,Craft-repair,5.0,0.08799087990879909
unconstrained_ar,3801,Female,0.010091241252875036,0.5000780503007166,0.0,1,0.0,2.0,0.0,1.0,13981.0,1.5,0.0,1.0,Private,Private,5.0,Machine-op-inspct,Machine-op-inspct,5.0,0.2097170971709717
unconstrained_ar,2646,Male,0.2821766699103217,0.5000563717845552,0.0,1,0.0,2.0,0.0,1.0,2847.0,1.5,0.0,1.0,Private,Private,5.0,Sales,Sales,5.0,0.042705427054270544
unconstrained_ar,5846,Male,0.02901237036988407,0.5000097474881329,0.0,1,0.0,2.0,0.0,1.0,10702.0,1.5,0.0,1.0,Private,Private,5.0,Machine-op-inspct,Machine-op-inspct,5.0,0.16053160531605315
unconstrained_ar,3041,Female,0.115617130856278,0.5000487680880237,0.0,1,0.0,2.0,0.0,1.0,6203.0,1.5,0.0,1.0,Federal-gov,Federal-gov,5.0,Adm-clerical,Adm-clerical,5.0,0.0930459304593046
unconstrained_ar,5643,Male,0.4973486424298455,0.500054906208597,0.0,1,0.0,2.0,0.0,1.0,33.0,1.5,0.0,1.0,Self-emp-not-inc,Self-emp-not-inc,5.0,Farming-fishing,Farming-fishing,5.0,0.0004950049500495005
unconstrained_ar,3627,Male,0.4075546800988478,0.5000511111905037,0.0,1,0.0,2.0,0.0,1.0,1141.0,1.5,0.0,1.0,Private,Private,5.0,Craft-repair,Craft-repair,5.0,0.017115171151711517
unconstrained_ar,837,Female,0.01932754252468726,0.5000498616010634,0.0,1,0.0,2.0,0.0,1.0,11971.0,1.5,0.0,1.0,Private,Private,5.0,Exec-managerial,Exec-managerial,5.0,0.1795667956679567
unconstrained_ar,5192,Male,0.40670902217910737,0.5000773333635736,0.0,1,0.0,2.0,0.0,1.0,1152.0,1.5,0.0,1.0,Self-emp-not-inc,Self-emp-not-inc,5.0,Transport-moving,Transport-moving,5.0,0.017280172801728017
unconstrained_ar,5056,Male,0.21643864740198693,0.5000027430136927,0.0,1,0.0,2.0,0.0,1.0,3922.0,1.5,0.0,1.0,Private,Private,5.0,Sales,Sales,5.0,0.05883058830588306
unconstrained_ar,1906,Male,0.0014735379606502328,0.500024215666032,0.0,1,0.0,2.0,0.0,1.0,19872.0,1.5,0.0,1.0,Private,Private,5.0,Other-service,Other-service,5.0,0.2980829808298083
unconstrained_ar,1689,Female,0.2379981775227312,0.5000455493358419,0.0,1,0.0,2.0,0.0,1.0,3548.0,1.5,0.0,1.0,Private,Private,5.0,Tech-support,Tech-support,5.0,0.05322053220532205
unconstrained_ar,3008,Female,0.0690527885059628,0.5000785395258766,0.0,1,0.0,2.0,0.0,1.0,7931.0,1.5,0.0,1.0,Private,Private,5.0,Adm-clerical,Adm-clerical,5.0,0.11896618966189662
unconstrained_ar,1900,Male,0.043427897960172324,0.5000329214722691,0.0,1,0.0,2.0,0.0,1.0,9427.0,1.5,0.0,1.0,Private,Private,5.0,Craft-repair,Craft-repair,5.0,0.14140641406414065
unconstrained_ar,4330,Female,0.053431110249628114,0.5000299978833891,0.0,1,0.0,2.0,0.0,1.0,8763.0,1.5,0.0,1.0,State-gov,State-gov,5.0,Adm-clerical,Adm-clerical,5.0,0.13144631446314464
unconstrained_ar,5027,Male,0.0018570876926023887,0.5000578928293288,0.0,1,0.0,2.0,0.0,1.0,19166.0,1.5,0.0,1.0,Private,Private,5.0,Handlers-cleaners,Handlers-cleaners,5.0,0.2874928749287493
unconstrained_ar,6001,Male,0.0317015737555907,0.5000656706133084,0.0,1,0.0,2.0,0.0,1.0,10424.0,1.5,0.0,1.0,Private,Private,5.0,Transport-moving,Transport-moving,5.0,0.15636156361563616
unconstrained_ar,3097,Female,0.006998949687309853,0.5000812155831372,0.0,1,0.0,2.0,0.0,1.0,15106.0,1.5,0.0,1.0,Private,Private,5.0,Adm-clerical,Adm-clerical,5.0,0.22659226592265921
unconstrained_ar,4749,Female,0.0050985806596726,0.5000342511629214,0.0,1,0.0,2.0,0.0,1.0,16077.0,1.5,0.0,1.0,Private,Private,5.0,Sales,Sales,5.0,0.24115741157411574
unconstrained_ar,3084,Female,0.005775637852865941,0.5000487252043677,0.0,1,0.0,2.0,0.0,1.0,15695.0,1.5,0.0,1.0,Private,Private,5.0,Other-service,Other-service,5.0,0.23542735427354272
unconstrained_ar,5288,Female,0.02443909987857049,0.5000712382599619,0.0,1,0.0,2.0,0.0,1.0,11240.0,1.5,0.0,1.0,Private,Private,5.0,Sales,Sales,5.0,0.16860168601686018
unconstrained_ar,3601,Female,0.004139187331606007,0.5000811969936877,0.0,1,0.0,2.0,0.0,1.0,16716.0,1.5,0.0,1.0,Private,Private,5.0,Adm-clerical,Adm-clerical,5.0,0.25074250742507426
unconstrained_ar,992,Male,0.36650553474412506,0.5000631876700236,0.0,1,0.0,2.0,0.0,1.0,1669.0,1.5,0.0,1.0,Private,Private,5.0,Tech-support,Tech-support,5.0,0.025035250352503525
unconstrained_ar,1128,Male,0.16027903154353523,0.5000238072545095,0.0,1,0.0,2.0,0.0,1.0,5049.0,1.5,0.0,1.0,Local-gov,Local-gov,5.0,Protective-serv,Protective-serv,5.0,0.07573575735757358
unconstrained_ar,5780,Male,0.06189202088203391,0.500070042284097,0.0,1,0.0,2.0,0.0,1.0,8288.0,1.5,0.0,1.0,Private,Private,5.0,Craft-repair,Craft-repair,5.0,0.12432124321243213
unconstrained_ar,2682,Male,0.21531124650120786,0.5000598601131613,0.0,1,0.0,2.0,0.0,1.0,3943.0,1.5,0.0,1.0,Private,Private,5.0,Machine-op-inspct,Machine-op-inspct,5.0,0.05914559145591456
unconstrained_ar,3482,Female,0.009917309167437638,0.5000340379992604,0.0,1,0.0,2.0,0.0,1.0,14034.0,1.5,0.0,1.0,Private,Private,5.0,Other-service,Other-service,5.0,0.2105121051210512
unconstrained_ar,854,Female,0.1435244290573244,0.5000394984200193,0.0,1,0.0,2.0,0.0,1.0,5446.0,1.5,0.0,1.0,Private,Private,5.0,Prof-specialty,Prof-specialty,5.0,0.08169081690816908
unconstrained_ar,3577,Male,0.0055858377372084616,0.5000123257047883,0.0,1,0.0,2.0,0.0,1.0,15797.0,1.5,0.0,1.0,Private,Private,5.0,Other-service,Other-service,5.0,0.23695736957369573
unconstrained_ar,4707,Male,0.10073234205119555,0.5000479237512689,0.0,1,0.0,2.0,0.0,1.0,6674.0,1.5,0.0,1.0,Private,Private,5.0,Other-service,Other-service,5.0,0.1001110011100111
unconstrained_ar,333,Female,0.048228750860527594,0.5000311752193619,0.0,1,0.0,2.0,0.0,1.0,9092.0,1.5,0.0,1.0,Private,Private,5.0,Sales,Sales,5.0,0.13638136381363813
unconstrained_ar,5252,Male,0.230384460442409,0.5000107578387996,0.0,1,0.0,2.0,0.0,1.0,3677.0,1.5,0.0,1.0,Private,Private,5.0,Sales,Sales,5.0,0.055155551555515554
unconstrained_ar,3344,Female,0.14598473521544847,0.500005347939835,0.0,1,0.0,2.0,0.0,1.0,5385.0,1.5,0.0,1.0,Self-emp-not-inc,Self-emp-not-inc,5.0,Prof-specialty,Prof-specialty,5.0,0.08077580775807758
unconstrained_ar,1214,Male,0.4762752353824925,0.5000399426376649,0.0,1,0.0,2.0,0.0,1.0,290.0,1.5,0.0,1.0,Local-gov,Local-gov,5.0,Craft-repair,Craft-repair,5.0,0.004350043500435005
unconstrained_ar,3262,Male,0.05260842053807109,0.5000340045051509,0.0,1,0.0,2.0,0.0,1.0,8813.0,1.5,0.0,1.0,Private,Private,5.0,Sales,Sales,5.0,0.13219632196321962
unconstrained_ar,108,Female,0.015764857586807943,0.5000358368355206,0.0,1,0.0,2.0,0.0,1.0,12603.0,1.5,0.0,1.0,Local-gov,Local-gov,5.0,Adm-clerical,Adm-clerical,5.0,0.1890468904689047
unconstrained_ar,989,Female,0.2109498201837598,0.5000367699392676,0.0,1,0.0,2.0,0.0,1.0,4022.0,1.5,0.0,1.0,Local-gov,Local-gov,5.0,Prof-specialty,Prof-specialty,5.0,0.060330603306033063
unconstrained_ar,5565,Female,0.10840969597207586,0.5000518878610275,0.0,1,0.0,2.0,0.0,1.0,6424.0,1.5,0.0,1.0,Private,Private,5.0,Sales,Sales,5.0,0.0963609636096361
unconstrained_ar,5375,Female,0.0024029169819387414,0.5000722341578434,0.0,1,0.0,2.0,0.0,1.0,18379.0,1.5,0.0,1.0,Private,Private,5.0,Other-service,Other-service,5.0,0.2756877568775688
unconstrained_ar,1747,Male,0.04729518978046707,0.5000659447172464,0.0,1,0.0,2.0,0.0,1.0,9155.0,1.5,0.0,1.0,Private,Private,5.0,Adm-clerical,Adm-clerical,5.0,0.13732637326373265
unconstrained_ar,3606,Male,0.01995371652782178,0.5000617418461157,0.0,1,0.0,2.0,0.0,1.0,11872.0,1.5,0.0,1.0,Private,Private,5.0,Transport-moving,Transport-moving,5.0,0.17808178081780818
unconstrained_ar,5696,Male,0.34372027989202,0.5000315193724442,0.0,1,0.0,2.0,0.0,1.0,1972.0,1.5,0.0,1.0,Private,Private,5.0,Handlers-cleaners,Handlers-cleaners,5.0,0.02958029580295803
unconstrained_ar,453,Male,0.3381979168378806,0.5000380872509075,0.0,1,0.0,2.0,0.0,1.0,2047.0,1.5,0.0,1.0,Private,Private,5.0,Sales,Sales,5.0,0.030705307053070532
unconstrained_ar,5159,Female,0.310618863486732,0.5000563498757387,0.0,1,0.0,2.0,0.0,1.0,2431.0,1.5,0.0,1.0,Local-gov,Local-gov,5.0,Prof-specialty,Prof-specialty,5.0,0.03646536465364654
unconstrained_ar,3234,Male,0.018425047379435143,0.5000021556615352,0.0,1,0.0,2.0,0.0,1.0,12119.0,1.5,0.0,1.0,State-gov,State-gov,5.0,Transport-moving,Transport-moving,5.0,0.18178681786817869
unconstrained_ar,4382,Female,0.017350424285524316,0.500040730022408,0.0,1,0.0,2.0,0.0,1.0,12306.0,1.5,0.0,1.0,Private,Private,5.0,Other-service,Other-service,5.0,0.18459184591845917
unconstrained_ar,4630,Female,0.002666765452907551,0.500023295981863,0.0,1,0.0,2.0,0.0,1.0,18060.0,1.5,0.0,1.0,Private,Private,5.0,Sales,Sales,5.0,0.2709027090270903
unconstrained_ar,2480,Male,0.014276695687398078,0.5000461269286771,0.0,1,0.0,2.0,0.0,1.0,12910.0,1.5,0.0,1.0,Private,Private,5.0,Other-service,Other-service,5.0,0.1936519365193652
unconstrained_ar,5579,Male,0.28802549307055547,0.5000138532309072,0.0,1,0.0,2.0,0.0,1.0,2759.0,1.5,0.0,1.0,Private,Private,5.0,Prof-specialty,Prof-specialty,5.0,0.04138541385413854
unconstrained_ar,1224,Male,0.011451751378222831,0.5000571784198966,0.0,1,0.0,2.0,0.0,1.0,13591.0,1.5,0.0,1.0,Federal-gov,Federal-gov,5.0,Other-service,Other-service,5.0,0.2038670386703867
unconstrained_ar,209,Male,0.22402223441395738,0.5000544914007244,0.0,1,0.0,2.0,0.0,1.0,3788.0,1.5,0.0,1.0,Private,Private,5.0,Transport-moving,Transport-moving,5.0,0.05682056820568206
unconstrained_ar,1879,Male,0.0013254235426787859,0.5000744135216969,0.0,1,0.0,2.0,0.0,1.0,20196.0,1.5,0.0,1.0,Private,Private,5.0,Handlers-cleaners,Handlers-cleaners,5.0,0.30294302943029433
unconstrained_ar,1800,Male,0.025192261703874397,0.5000616313640041,0.0,1,0.0,2.0,0.0,1.0,11145.0,1.5,0.0,1.0,Private,Private,5.0,Transport-moving,Transport-moving,5.0,0.16717667176671766
unconstrained_ar,2114,Male,0.08864063706873837,0.5000034142007458,0.0,1,0.0,2.0,0.0,1.0,7104.0,1.5,0.0,1.0,Private,Private,5.0,Prof-specialty,Prof-specialty,5.0,0.1065610656106561
unconstrained_ar,4893,Male,0.24600393041746976,0.5000499583389151,0.0,1,0.0,2.0,0.0,1.0,3415.0,1.5,0.0,1.0,Private,Private,5.0,Transport-moving,Transport-moving,5.0,0.05122551225512255
unconstrained_ar,2323,Female,0.010871647273735189,0.500035803719459,0.0,1,0.0,2.0,0.0,1.0,13751.0,1.5,0.0,1.0,Private,Private,5.0,Sales,Sales,5.0,0.2062670626706267
unconstrained_ar,2107,Male,0.028133237509636918,0.5000456989633478,0.0,1,0.0,2.0,0.0,1.0,10799.0,1.5,0.0,1.0,Local-gov,Local-gov,5.0,Transport-moving,Transport-moving,5.0,0.16198661986619867
unconstrained_ar,4904,Male,0.4906381698754988,0.5000680814687586,0.0,1,0.0,2.0,0.0,1.0,115.0,1.5,0.0,1.0,Private,Private,5.0,Machine-op-inspct,Machine-op-inspct,5.0,0.0017250172501725018
unconstrained_ar,2524,Male,0.007958492052227723,0.5000493159581023,0.0,1,0.0,2.0,0.0,1.0,14711.0,1.5,0.0,1.0,Private,Private,5.0,Handlers-cleaners,Handlers-cleaners,5.0,0.2206672066720667
unconstrained_ar,4334,Male,0.018814797416283807,0.5000040351844869,0.0,1,0.0,2.0,0.0,1.0,12054.0,1.5,0.0,1.0,Private,Private,5.0,Priv-house-serv,Priv-house-serv,5.0,0.18081180811808117
unconstrained_ar,1918,Female,0.37288829672766244,0.5000224185816449,0.0,1,0.0,2.0,0.0,1.0,1585.0,1.5,0.0,1.0,Private,Private,5.0,Exec-managerial,Exec-managerial,5.0,0.023775237752377523
unconstrained_ar,1612,Male,0.28326153282592126,0.5000816612262596,0.0,1,0.0,2.0,0.0,1.0,2831.0,1.5,0.0,1.0,Private,Private,5.0,Machine-op-inspct,Machine-op-inspct,5.0,0.04246542465424654
unconstrained_ar,3037,Male,0.1084778201113571,0.5000640224358114,0.0,1,0.0,2.0,0.0,1.0,6422.0,1.5,0.0,1.0,Private,Private,5.0,Sales,Sales,5.0,0.0963309633096331
unconstrained_ar,1242,Male,0.365566859753626,0.5000360230572949,0.0,1,0.0,2.0,0.0,1.0,1681.0,1.5,0.0,1.0,Private,Private,5.0,Machine-op-inspct,Machine-op-inspct,5.0,0.025215252152521524
unconstrained_ar,300,Female,0.10463149094856072,0.5000495429062737,0.0,1,0.0,2.0,0.0,1.0,6545.0,1.5,0.0,1.0,Self-emp-inc,Self-emp-inc,5.0,Sales,Sales,5.0,0.0981759817598176
unconstrained_ar,3637,Male,0.15619174397890145,0.5000607567527237,0.0,1,0.0,2.0,0.0,1.0,5143.0,1.5,0.0,1.0,Private,Private,5.0,Craft-repair,Craft-repair,5.0,0.07714577145771458
unconstrained_ar,1991,Male,0.0009728990641707635,0.5000186783127213,0.0,1,0.0,2.0,0.0,1.0,21139.0,1.5,0.0,1.0,Self-emp-inc,Self-emp-inc,5.0,Other-service,Other-service,5.0,0.3170881708817088
unconstrained_ar,5705,Male,0.02768289646758404,0.5000780924158652,0.0,1,0.0,2.0,0.0,1.0,10850.0,1.5,0.0,1.0,Private,Private,5.0,Farming-fishing,Farming-fishing,5.0,0.16275162751627517
unconstrained_ar,2737,Female,0.13785596709543077,0.5000436522812898,0.0,1,0.0,2.0,0.0,1.0,5589.0,1.5,0.0,1.0,Private,Private,5.0,Tech-support,Tech-support,5.0,0.08383583835838358
unconstrained_ar,3475,Male,0.08897879582423263,0.5000640091611214,0.0,1,0.0,2.0,0.0,1.0,7092.0,1.5,0.0,1.0,Private,Private,5.0,Craft-repair,Craft-repair,5.0,0.10638106381063811
unconstrained_ar,3669,Female,0.2757238742231179,0.5000725581601755,0.0,1,0.0,2.0,0.0,1.0,2945.0,1.5,0.0,1.0,Private,Private,5.0,Sales,Sales,5.0,0.044175441754417545
unconstrained_ar,5800,Female,0.02930544816041664,0.5000557312401375,0.0,1,0.0,2.0,0.0,1.0,10671.0,1.5,0.0,1.0,Private,Private,5.0,Machine-op-inspct,Machine-op-inspct,5.0,0.16006660066600667
unconstrained_ar,4115,Female,0.06910332807873333,0.5000289932219385,0.0,1,0.0,2.0,0.0,1.0,7928.0,1.5,0.0,1.0,Private,Private,5.0,Craft-repair,Craft-repair,5.0,0.11892118921189213
unconstrained_ar,818,Male,0.24193287094927135,0.500026542985723,0.0,1,0.0,2.0,0.0,1.0,3482.0,1.5,0.0,1.0,Self-emp-not-inc,Self-emp-not-inc,5.0,Craft-repair,Craft-repair,5.0,0.05223052230522305
unconstrained_ar,4398,Female,0.019295268632603512,0.5000338691933779,0.0,1,0.0,2.0,0.0,1.0,11976.0,1.5,0.0,1.0,Private,Private,5.0,Sales,Sales,5.0,0.17964179641796418
unconstrained_ar,1056,Male,0.20109991917336253,0.5000702903021007,0.0,1,0.0,2.0,0.0,1.0,4206.0,1.5,0.0,1.0,Private,Private,5.0,Transport-moving,Transport-moving,5.0,0.06309063090630906
unconstrained_ar,3472,Male,0.06317576731820218,0.5000501838642012,0.0,1,0.0,2.0,0.0,1.0,8221.0,1.5,0.0,1.0,Private,Private,5.0,Sales,Sales,5.0,0.12331623316233162
unconstrained_ar,3159,Female,0.03925874934776739,0.5000385621873358,0.0,1,0.0,2.0,0.0,1.0,9748.0,1.5,0.0,1.0,Private,Private,5.0,Prof-specialty,Prof-specialty,5.0,0.14622146221462215
unconstrained_ar,376,Male,0.011078762149122737,0.500049580464722,0.0,1,0.0,2.0,0.0,1.0,13693.0,1.5,0.0,1.0,Private,Private,5.0,Other-service,Other-service,5.0,0.2053970539705397
unconstrained_ar,3010,Male,0.004218823209801435,0.5000268627435366,0.0,1,0.0,2.0,0.0,1.0,16657.0,1.5,0.0,1.0,Private,Private,5.0,Sales,Sales,5.0,0.24985749857498574
unconstrained_ar,80,Male,0.001645191825717062,0.5000599332974162,0.0,1,0.0,2.0,0.0,1.0,19536.0,1.5,0.0,1.0,Private,Private,5.0,Farming-fishing,Farming-fishing,5.0,0.2930429304293043
unconstrained_ar,2903,Male,0.09013351190895408,0.5000781942908689,0.0,1,0.0,2.0,0.0,1.0,7049.0,1.5,0.0,1.0,Private,Private,5.0,Craft-repair,Craft-repair,5.0,0.10573605736057361
unconstrained_ar,2515,Male,0.4364427945531572,0.5000639385240855,0.0,1,0.0,2.0,0.0,1.0,780.0,1.5,0.0,1.0,Private,Private,5.0,Machine-op-inspct,Machine-op-inspct,5.0,0.011700117001170011
unconstrained_ar,277,Female,0.09062610406096173,0.5000179769096735,0.0,1,0.0,2.0,0.0,1.0,7030.0,1.5,0.0,1.0,Private,Private,5.0,Exec-managerial,Exec-managerial,5.0,0.10545105451054511
unconstrained_ar,2584,Female,0.007511513735067339,0.5000016151084894,0.0,1,0.0,2.0,0.0,1.0,14888.0,1.5,0.0,1.0,Without-pay,Without-pay,5.0,Farming-fishing,Farming-fishing,5.0,0.22332223322233222
unconstrained_ar,1990,Male,0.15978403338585062,0.5000052942086209,0.0,1,0.0,2.0,0.0,1.0,5060.0,1.5,0.0,1.0,Private,Private,5.0,Sales,Sales,5.0,0.07590075900759008
unconstrained_ar,4323,Male,0.1614318827757802,0.5000267981040262,0.0,1,0.0,2.0,0.0,1.0,5023.0,1.5,0.0,1.0,Private,Private,5.0,Exec-managerial,Exec-managerial,5.0,0.07534575345753458
unconstrained_ar,655,Male,0.08765611832088013,0.5000575742821737,0.0,1,0.0,2.0,0.0,1.0,7142.0,1.5,0.0,1.0,Private,Private,5.0,Transport-moving,Transport-moving,5.0,0.1071310713107131
unconstrained_ar,3739,Male,0.15486528662128013,0.5000781491634017,0.0,1,0.0,2.0,0.0,1.0,5174.0,1.5,0.0,1.0,Self-emp-not-inc,Self-emp-not-inc,5.0,Farming-fishing,Farming-fishing,5.0,0.07761077610776108
unconstrained_ar,3515,Male,0.0032157942684240873,0.5000539753760981,0.0,1,0.0,2.0,0.0,1.0,17488.0,1.5,0.0,1.0,Private,Private,5.0,Handlers-cleaners,Handlers-cleaners,5.0,0.2623226232262323
unconstrained_ar,78,Female,0.09553867640855239,0.5000538414429779,0.0,1,0.0,2.0,0.0,1.0,6853.0,1.5,0.0,1.0,State-gov,State-gov,5.0,Exec-managerial,Exec-managerial,5.0,0.1027960279602796
unconstrained_ar,2997,Female,0.0042645790341293306,0.5000288729760837,0.0,1,0.0,2.0,0.0,1.0,16624.0,1.5,0.0,1.0,Private,Private,5.0,Adm-clerical,Adm-clerical,5.0,0.24936249362493626
unconstrained_ar,3331,Male,0.4243562712755196,0.5000392396392445,0.0,1,0.0,2.0,0.0,1.0,930.0,1.5,0.0,1.0,Private,Private,5.0,Sales,Sales,5.0,0.013950139501395014
unconstrained_ar,3543,Male,0.0022107721603780626,0.5000189184284962,0.0,1,0.0,2.0,0.0,1.0,18633.0,1.5,0.0,1.0,Private,Private,5.0,Handlers-cleaners,Handlers-cleaners,5.0,0.2794977949779498
unconstrained_ar,1595,Female,0.08853458177265454,0.5000030632827323,0.0,1,0.0,2.0,0.0,1.0,7108.0,1.5,0.0,1.0,Local-gov,Local-gov,5.0,Adm-clerical,Adm-clerical,5.0,0.10662106621066211
unconstrained_ar,1949,Female,0.09762424285232496,0.5000430096570428,0.0,1,0.0,2.0,0.0,1.0,6780.0,1.5,0.0,1.0,Private,Private,5.0,Sales,Sales,5.0,0.1017010170101701
unconstrained_ar,3350,Male,0.017911684450343763,0.5000237729508764,0.0,1,0.0,2.0,0.0,1.0,12207.0,1.5,0.0,1.0,Private,Private,5.0,Handlers-cleaners,Handlers-cleaners,5.0,0.1831068310683107
unconstrained_ar,4527,Female,0.14231969568630704,0.5000410153403405,0.0,1,0.0,2.0,0.0,1.0,5476.0,1.5,0.0,1.0,Private,Private,5.0,Adm-clerical,Adm-clerical,5.0,0.08214082140821408
unconstrained_ar,4043,Male,0.05966115696791569,0.500057753267357,0.0,1,0.0,2.0,0.0,1.0,8407.0,1.5,0.0,1.0,Private,Private,5.0,Machine-op-inspct,Machine-op-inspct,5.0,0.12610626106261064
unconstrained_ar,5833,Male,0.28328985174854593,0.5000345227491347,0.0,1,0.0,2.0,0.0,1.0,2830.0,1.5,0.0,1.0,Private,Private,5.0,Craft-repair,Craft-repair,5.0,0.04245042450424504
unconstrained_ar,1181,Male,0.08878446167266603,0.500038137751248,0.0,1,0.0,2.0,0.0,1.0,7099.0,1.5,0.0,1.0,Private,Private,5.0,Machine-op-inspct,Machine-op-inspct,5.0,0.10648606486064861
unconstrained_ar,5351,Female,0.006100178115573309,0.5000201927817453,0.0,1,0.0,2.0,0.0,1.0,15527.0,1.5,0.0,1.0,Private,Private,5.0,Machine-op-inspct,Machine-op-inspct,5.0,0.23290732907329073
unconstrained_ar,5799,Female,0.34741228743250147,0.5000124773640625,0.0,1,0.0,2.0,0.0,1.0,1922.0,1.5,0.0,1.0,State-gov,State-gov,5.0,Prof-specialty,Prof-specialty,5.0,0.02883028830288303
unconstrained_ar,2705,Male,0.22423727147478412,0.500035603204513,0.0,1,0.0,2.0,0.0,1.0,3784.0,1.5,0.0,1.0,Private,Private,5.0,Prof-specialty,Prof-specialty,5.0,0.056760567605676056
unconstrained_ar,3710,Female,0.12853442095309012,0.5000261270590401,0.0,1,0.0,2.0,0.0,1.0,5835.0,1.5,0.0,1.0,Private,Private,5.0,Sales,Sales,5.0,0.08752587525875259
unconstrained_ar,3602,Female,0.003875305807364335,0.5000299956776083,0.0,1,0.0,2.0,0.0,1.0,16917.0,1.5,0.0,1.0,Local-gov,Local-gov,5.0,Adm-clerical,Adm-clerical,5.0,0.2537575375753758
unconstrained_ar,5749,Male,0.46152366984083315,0.5000735698078136,0.0,1,0.0,2.0,0.0,1.0,471.0,1.5,0.0,1.0,Private,Private,5.0,Craft-repair,Craft-repair,5.0,0.0070650706507065075
unconstrained_ar,4036,Female,0.06588252430273758,0.5000264591852773,0.0,1,0.0,2.0,0.0,1.0,8084.0,1.5,0.0,1.0,Private,Private,5.0,Prof-specialty,Prof-specialty,5.0,0.12126121261212612
unconstrained_ar,6031,Female,0.012123150200735807,0.5000370377204864,0.0,1,0.0,2.0,0.0,1.0,13415.0,1.5,0.0,1.0,Private,Private,5.0,Adm-clerical,Adm-clerical,5.0,0.2012270122701227
unconstrained_ar,4717,Female,0.09464691104409413,0.5000052651484415,0.0,1,0.0,2.0,0.0,1.0,6884.0,1.5,0.0,1.0,Private,Private,5.0,Sales,Sales,5.0,0.1032610326103261
unconstrained_ar,2532,Male,0.18165456203800032,0.5000437194986564,0.0,1,0.0,2.0,0.0,1.0,4589.0,1.5,0.0,1.0,Private,Private,5.0,Tech-support,Tech-support,5.0,0.06883568835688357
unconstrained_ar,1085,Female,0.04191520771091862,0.5000415478819455,0.0,1,0.0,2.0,0.0,1.0,9540.0,1.5,0.0,1.0,Private,Private,5.0,Other-service,Other-service,5.0,0.14310143101431014
unconstrained_ar,280,Male,0.17083095078752533,0.5000167280062429,0.0,1,0.0,2.0,0.0,1.0,4816.0,1.5,0.0,1.0,Private,Private,5.0,Craft-repair,Craft-repair,5.0,0.07224072240722407
unconstrained_ar,750,Female,0.020936153500569956,0.5000266851730676,0.0,1,0.0,2.0,0.0,1.0,11722.0,1.5,0.0,1.0,Private,Private,5.0,Adm-clerical,Adm-clerical,5.0,0.1758317583175832
unconstrained_ar,520,Male,0.10025233099833769,0.5000325036324259,0.0,1,0.0,2.0,0.0,1.0,6690.0,1.5,0.0,1.0,Private,Private,5.0,Exec-managerial,Exec-managerial,5.0,0.1003510035100351
unconstrained_ar,3772,Male,0.4969124795708296,0.5000287726886069,0.0,1,0.0,2.0,0.0,1.0,38.0,1.5,0.0,1.0,Private,Private,5.0,Craft-repair,Craft-repair,5.0,0.0005700057000570006
unconstrained_ar,5666,Male,0.16150863054055425,0.5000044887337083,0.0,1,0.0,2.0,0.0,1.0,5021.0,1.5,0.0,1.0,Federal-gov,Federal-gov,5.0,Prof-specialty,Prof-specialty,5.0,0.07531575315753157
unconstrained_ar,5806,Male,0.009017095894171216,0.5000455683796122,0.0,1,0.0,2.0,0.0,1.0,14327.0,1.5,0.0,1.0,Private,Private,5.0,Transport-moving,Transport-moving,5.0,0.21490714907149072
unconstrained_ar,5655,Male,0.022579150320334973,0.500061872580775,0.0,1,0.0,2.0,0.0,1.0,11487.0,1.5,0.0,1.0,Private,Private,5.0,Adm-clerical,Adm-clerical,5.0,0.17230672306723066
unconstrained_ar,5320,Male,0.2686177740433486,0.5000430241264452,0.0,1,0.0,2.0,0.0,1.0,3054.0,1.5,0.0,1.0,State-gov,State-gov,5.0,Adm-clerical,Adm-clerical,5.0,0.045810458104581044
unconstrained_ar,2867,Male,0.026771528778163422,0.5000038323042363,0.0,1,0.0,2.0,0.0,1.0,10954.0,1.5,0.0,1.0,Self-emp-not-inc,Self-emp-not-inc,5.0,Other-service,Other-service,5.0,0.16431164311643118
unconstrained_ar,6024,Male,0.37231387013220807,0.5000641797541856,0.0,1,0.0,2.0,0.0,1.0,1593.0,1.5,0.0,1.0,Private,Private,5.0,Machine-op-inspct,Machine-op-inspct,5.0,0.023895238952389524
unconstrained_ar,1386,Female,0.049773248128836295,0.5000348914666839,0.0,1,0.0,2.0,0.0,1.0,8991.0,1.5,0.0,1.0,Local-gov,Local-gov,5.0,Adm-clerical,Adm-clerical,5.0,0.13486634866348662
unconstrained_ar,1140,Female,0.004735554148938147,0.5000111610856963,0.0,1,0.0,2.0,0.0,1.0,16303.0,1.5,0.0,1.0,Self-emp-not-inc,Self-emp-not-inc,5.0,Other-service,Other-service,5.0,0.24454744547445476
unconstrained_ar,5301,Male,0.12124317295747164,0.5000733220071885,0.0,1,0.0,2.0,0.0,1.0,6039.0,1.5,0.0,1.0,Private,Private,5.0,Farming-fishing,Farming-fishing,5.0,0.0905859058590586
unconstrained_ar,2066,Female,0.06554949707108292,0.5000645740364494,0.0,1,0.0,2.0,0.0,1.0,8101.0,1.5,0.0,1.0,Private,Private,5.0,Adm-clerical,Adm-clerical,5.0,0.12151621516215162
unconstrained_ar,3263,Male,0.40943329307904225,0.5000266185658221,0.0,1,0.0,2.0,0.0,1.0,1117.0,1.5,0.0,1.0,Private,Private,5.0,Craft-repair,Craft-repair,5.0,0.016755167551675516
unconstrained_ar,539,Female,0.012240981635929075,0.5000247485865593,0.0,1,0.0,2.0,0.0,1.0,13385.0,1.5,0.0,1.0,Private,Private,5.0,Machine-op-inspct,Machine-op-inspct,5.0,0.2007770077700777
unconstrained_ar,4388,Female,0.009250806936340854,0.5000229599726137,0.0,1,0.0,2.0,0.0,1.0,14248.0,1.5,0.0,1.0,Private,Private,5.0,Other-service,Other-service,5.0,0.2137221372213722
unconstrained_ar,3738,Male,0.190218070086262,0.5000021645471479,0.0,1,0.0,2.0,0.0,1.0,4416.0,1.5,0.0,1.0,Private,Private,5.0,Transport-moving,Transport-moving,5.0,0.06624066240662406
unconstrained_ar,5764,Female,0.0507772191740335,0.5000431509523164,0.0,1,0.0,2.0,0.0,1.0,8927.0,1.5,0.0,1.0,Private,Private,5.0,Other-service,Other-service,5.0,0.13390633906339064
unconstrained_ar,5262,Female,0.015332446877255119,0.5000257875321626,0.0,1,0.0,2.0,0.0,1.0,12689.0,1.5,0.0,1.0,Private,Private,5.0,Other-service,Other-service,5.0,0.1903369033690337
unconstrained_ar,4937,Female,0.006176269520420449,0.500022121185254,0.0,1,0.0,2.0,0.0,1.0,15489.0,1.5,0.0,1.0,Private,Private,5.0,Adm-clerical,Adm-clerical,5.0,0.23233732337323373
unconstrained_ar,5134,Male,0.4384057122786123,0.500007874552683,0.0,1,0.0,2.0,0.0,1.0,755.0,1.5,0.0,1.0,Private,Private,5.0,Other-service,Other-service,5.0,0.011325113251132512
unconstrained_ar,2915,Male,0.12816634889667497,0.500023718136836,0.0,1,0.0,2.0,0.0,1.0,5845.0,1.5,0.0,1.0,Private,Private,5.0,Handlers-cleaners,Handlers-cleaners,5.0,0.08767587675876759
unconstrained_ar,4835,Male,0.05094122098873601,0.500072417397704,0.0,1,0.0,2.0,0.0,1.0,8917.0,1.5,0.0,1.0,Private,Private,5.0,Craft-repair,Craft-repair,5.0,0.13375633756337563
unconstrained_ar,2268,Female,0.08461977693187751,0.50000861140562,0.0,1,0.0,2.0,0.0,1.0,7259.0,1.5,0.0,1.0,Private,Private,5.0,Sales,Sales,5.0,0.1088860888608886
unconstrained_ar,695,Male,0.05423684925338706,0.5000483207698849,0.0,1,0.0,2.0,0.0,1.0,8715.0,1.5,0.0,1.0,Private,Private,5.0,Adm-clerical,Adm-clerical,5.0,0.13072630726307263
unconstrained_ar,2380,Male,0.0798627475767718,0.5000758428939884,0.0,1,0.0,2.0,0.0,1.0,7452.0,1.5,0.0,1.0,Private,Private,5.0,Craft-repair,Craft-repair,5.0,0.11178111781117811
unconstrained_ar,844,Male,0.3281888185054972,0.5000100490345321,0.0,1,0.0,2.0,0.0,1.0,2184.0,1.5,0.0,1.0,Private,Private,5.0,Farming-fishing,Farming-fishing,5.0,0.03276032760327603
unconstrained_ar,1588,Female,0.03288415577926268,0.5000143248087641,0.0,1,0.0,2.0,0.0,1.0,10308.0,1.5,0.0,1.0,Private,Private,5.0,Sales,Sales,5.0,0.15462154621546215
unconstrained_ar,123,Male,0.015206125527876726,0.5000577069463326,0.0,1,0.0,2.0,0.0,1.0,12715.0,1.5,0.0,1.0,Private,Private,5.0,Other-service,Other-service,5.0,0.19072690726907268
unconstrained_ar,3356,Female,0.018607126675596733,0.5000466849411792,0.0,1,0.0,2.0,0.0,1.0,12089.0,1.5,0.0,1.0,Private,Private,5.0,Other-service,Other-service,5.0,0.18133681336813368
unconstrained_ar,3563,Male,0.3705558902340026,0.5000679390847673,0.0,1,0.0,2.0,0.0,1.0,1616.0,1.5,0.0,1.0,Private,Private,5.0,Craft-repair,Craft-repair,5.0,0.024240242402424023
unconstrained_ar,5028,Male,0.2698129814370676,0.5000036368758928,0.0,1,0.0,2.0,0.0,1.0,3035.0,1.5,0.0,1.0,Private,Private,5.0,Exec-managerial,Exec-managerial,5.0,0.045525455254552545
unconstrained_ar,156,Male,0.1256321421261073,0.5000459730136941,0.0,1,0.0,2.0,0.0,1.0,5915.0,1.5,0.0,1.0,Private,Private,5.0,Craft-repair,Craft-repair,5.0,0.0887258872588726
unconstrained_ar,5076,Male,0.031290441976306475,0.5000584931908612,0.0,1,0.0,2.0,0.0,1.0,10465.0,1.5,0.0,1.0,Private,Private,5.0,Craft-repair,Craft-repair,5.0,0.15697656976569765
unconstrained_ar,3643,Male,0.34440529887044313,0.5000522676030454,0.0,1,0.0,2.0,0.0,1.0,1963.0,1.5,0.0,1.0,Private,Private,5.0,Machine-op-inspct,Machine-op-inspct,5.0,0.02944529445294453
unconstrained_ar,5491,Male,0.2778300301106236,0.5000787276105075,0.0,1,0.0,2.0,0.0,1.0,2913.0,1.5,0.0,1.0,Self-emp-not-inc,Self-emp-not-inc,5.0,Transport-moving,Transport-moving,5.0,0.043695436954369546
unconstrained_ar,4534,Female,0.05909628676197983,0.5000716224656444,0.0,1,0.0,2.0,0.0,1.0,8438.0,1.5,0.0,1.0,Local-gov,Local-gov,5.0,Exec-managerial,Exec-managerial,5.0,0.12657126571265712
unconstrained_ar,5906,Female,0.08999634601599019,0.5000698106329923,0.0,1,0.0,2.0,0.0,1.0,7054.0,1.5,0.0,1.0,Local-gov,Local-gov,5.0,Prof-specialty,Prof-specialty,5.0,0.1058110581105811
unconstrained_ar,1610,Female,0.284258160564665,0.5000774545000379,0.0,1,0.0,2.0,0.0,1.0,2816.0,1.5,0.0,1.0,Private,Private,5.0,Exec-managerial,Exec-managerial,5.0,0.04224042240422404
unconstrained_ar,5984,Male,0.05644397748776154,0.5000253106206473,0.0,1,0.0,2.0,0.0,1.0,8586.0,1.5,0.0,1.0,Private,Private,5.0,Machine-op-inspct,Machine-op-inspct,5.0,0.12879128791287914
unconstrained_ar,3144,Female,0.012653176307585275,0.5000439045175319,0.0,1,0.0,2.0,0.0,1.0,13283.0,1.5,0.0,1.0,Local-gov,Local-gov,5.0,Adm-clerical,Adm-clerical,5.0,0.1992469924699247
unconstrained_ar,1753,Male,0.03131275868060626,0.5000784744853103,0.0,1,0.0,2.0,0.0,1.0,10463.0,1.5,0.0,1.0,Private,Private,5.0,Sales,Sales,5.0,0.15694656946569466
unconstrained_ar,5435,Female,0.014271476498214692,0.5000354017661156,0.0,1,0.0,2.0,0.0,1.0,12911.0,1.5,0.0,1.0,Self-emp-inc,Self-emp-inc,5.0,Sales,Sales,5.0,0.19366693666936668
unconstrained_ar,1074,Female,0.16024701840946906,0.5000463468699372,0.0,1,0.0,2.0,0.0,1.0,5050.0,1.5,0.0,1.0,Federal-gov,Federal-gov,5.0,Adm-clerical,Adm-clerical,5.0,0.07575075750757508
unconstrained_ar,1521,Male,0.2895736275435596,0.5000119993007062,0.0,1,0.0,2.0,0.0,1.0,2736.0,1.5,0.0,1.0,Self-emp-not-inc,Self-emp-not-inc,5.0,Prof-specialty,Prof-specialty,5.0,0.04104041040410404
unconstrained_ar,1414,Female,0.010748973497116641,0.5000381133899364,0.0,1,0.0,2.0,0.0,1.0,13786.0,1.5,0.0,1.0,Private,Private,5.0,Other-service,Other-service,5.0,0.2067920679206792
unconstrained_ar,782,Female,0.014590559604507003,0.5000677013986381,0.0,1,0.0,2.0,0.0,1.0,12843.0,1.5,0.0,1.0,Federal-gov,Federal-gov,5.0,Adm-clerical,Adm-clerical,5.0,0.19264692646926468
unconstrained_ar,3149,Female,0.10796392399309654,0.500044948788881,0.0,1,0.0,2.0,0.0,1.0,6438.0,1.5,0.0,1.0,State-gov,State-gov,5.0,Prof-specialty,Prof-specialty,5.0,0.09657096570965709
fcar,556,Male,0.17301208202622045,0.5000745564355574,0.0,1,0.0,2.0,0.0,1.0,4770.0,0.75,0.0,1.0,Self-emp-not-inc,Self-emp-not-inc,5.0,Handlers-cleaners,Handlers-cleaners,5.0,0.035775357753577534
fcar,2892,Male,0.2938902942726982,0.5000683623099966,0.0,1,0.0,2.0,0.0,1.0,2673.0,0.75,0.0,1.0,Local-gov,Local-gov,5.0,Craft-repair,Craft-repair,5.0,0.02004770047700477
fcar,3319,Female,0.41092547576482324,0.5000103963996153,0.0,1,0.0,2.0,0.0,1.0,1098.0,0.75,0.0,1.0,Local-gov,Local-gov,5.0,Prof-specialty,Prof-specialty,5.0,0.008235082350823509
fcar,4265,Male,0.008382704657955646,0.5000176115302235,0.0,1,0.0,2.0,0.0,1.0,14551.0,0.75,0.0,1.0,Private,Private,5.0,Adm-clerical,Adm-clerical,5.0,0.10913359133591335
fcar,4012,Female,0.3708462919823538,0.500051117586123,0.0,1,0.0,2.0,0.0,1.0,1612.0,0.75,0.0,1.0,Private,Private,5.0,Adm-clerical,Adm-clerical,5.0,0.012090120901209011
fcar,3305,Female,0.027242046865544444,0.5000519186398102,0.0,1,0.0,2.0,0.0,1.0,10900.0,0.75,0.0,1.0,Private,Private,5.0,Adm-clerical,Adm-clerical,5.0,0.08175081750817507
fcar,2101,Female,0.418502111883306,0.5000234216308072,0.0,1,0.0,2.0,0.0,1.0,1003.0,0.75,0.0,1.0,Private,Private,5.0,Prof-specialty,Prof-specialty,5.0,0.007522575225752257
fcar,1726,Male,0.1797955918999543,0.5000212238993607,0.0,1,0.0,2.0,0.0,1.0,4627.0,0.75,0.0,1.0,Private,Private,5.0,Other-service,Other-service,5.0,0.034702847028470284
fcar,5204,Male,0.009765523305449475,0.5000762645959355,0.0,1,0.0,2.0,0.0,1.0,14082.0,0.75,0.0,1.0,Private,Private,5.0,Other-service,Other-service,5.0,0.1056160561605616
fcar,5201,Female,0.01677918840362637,0.5000549444519481,0.0,1,0.0,2.0,0.0,1.0,12410.0,0.75,0.0,1.0,State-gov,State-gov,5.0,Other-service,Other-service,5.0,0.09307593075930759
fcar,4581,Female,0.002735013618729218,0.5000432602901683,0.0,1,0.0,2.0,0.0,1.0,17983.0,0.75,0.0,1.0,State-gov,State-gov,5.0,Adm-clerical,Adm-clerical,5.0,0.13487384873848737
fcar,1985,Male,0.034876519103296075,0.5000639758245782,0.0,1,0.0,2.0,0.0,1.0,10123.0,0.75,0.0,1.0,Private,Private,5.0,Sales,Sales,5.0,0.07592325923259233
fcar,5814,Female,0.22166274732801536,0.500010778277608,0.0,1,0.0,2.0,0.0,1.0,3829.0,0.75,0.0,1.0,Private,Private,5.0,Prof-specialty,Prof-specialty,5.0,0.028717787177871778
fcar,5570,Male,0.012872197823843497,0.50004327993583,0.0,1,0.0,2.0,0.0,1.0,13230.0,0.75,0.0,1.0,Private,Private,5.0,Craft-repair,Craft-repair,5.0,0.0992259922599226
fcar,5922,Female,0.05609758676762941,0.500034773802817,0.0,1,0.0,2.0,0.0,1.0,8606.0,0.75,0.0,1.0,Private,Private,5.0,Exec-managerial,Exec-managerial,5.0,0.06454564545645457
fcar,4200,Male,0.4485185134714348,0.500000932832423,0.0,1,0.0,2.0,0.0,1.0,630.0,0.75,0.0,1.0,Private,Private,5.0,Machine-op-inspct,Machine-op-inspct,5.0,0.004725047250472504
fcar,5211,Male,0.07085143647564987,0.5000197733362669,0.0,1,0.0,2.0,0.0,1.0,7846.0,0.75,0.0,1.0,Private,Private,5.0,Machine-op-inspct,Machine-op-inspct,5.0,0.05884558845588456
fcar,3558,Male,0.02061767655624066,0.5000496204228588,0.0,1,0.0,2.0,0.0,1.0,11770.0,0.75,0.0,1.0,Private,Private,5.0,Other-service,Other-service,5.0,0.08827588275882758
fcar,2148,Female,0.0008908565680764172,0.500034275291871,0.0,1,0.0,2.0,0.0,1.0,21408.0,0.75,0.0,1.0,Private,Private,5.0,Other-service,Other-service,5.0,0.16056160561605617
fcar,1289,Male,0.23014323747686305,0.5000805571208873,0.0,1,0.0,2.0,0.0,1.0,3682.0,0.75,0.0,1.0,Self-emp-not-inc,Self-emp-not-inc,5.0,Farming-fishing,Farming-fishing,5.0,0.027615276152761527
fcar,2842,Female,0.15846114256520857,0.5000758320416235,0.0,1,0.0,2.0,0.0,1.0,5091.0,0.75,0.0,1.0,Self-emp-inc,Self-emp-inc,5.0,Sales,Sales,5.0,0.03818288182881829
fcar,3426,Female,0.05229086393267006,0.500076765063064,0.0,1,0.0,2.0,0.0,1.0,8833.0,0.75,0.0,1.0,State-gov,State-gov,5.0,Tech-support,Tech-support,5.0,0.06624816248162482
fcar,5760,Male,0.028298392796952298,0.5000753553078608,0.0,1,0.0,2.0,0.0,1.0,10781.0,0.75,0.0,1.0,Private,Private,5.0,Other-service,Other-service,5.0,0.08085830858308583
fcar,3495,Female,0.028600295350127664,0.5000177520017974,0.0,1,0.0,2.0,0.0,1.0,10747.0,0.75,0.0,1.0,Private,Private,5.0,Exec-managerial,Exec-managerial,5.0,0.08060330603306033
fcar,5326,Male,0.269444629220272,0.5000280689807757,0.0,1,0.0,2.0,0.0,1.0,3041.0,0.75,0.0,1.0,Private,Private,5.0,Transport-moving,Transport-moving,5.0,0.02280772807728077
fcar,5774,Female,0.012175214016459344,0.5000554457361946,0.0,1,0.0,2.0,0.0,1.0,13402.0,0.75,0.0,1.0,Private,Private,5.0,Adm-clerical,Adm-clerical,5.0,0.1005160051600516
fcar,1463,Female,0.021416458791278896,0.5000793049656547,0.0,1,0.0,2.0,0.0,1.0,11652.0,0.75,0.0,1.0,Private,Private,5.0,Other-service,Other-service,5.0,0.08739087390873909
fcar,1220,Male,0.4941566509974367,0.5000610146882596,0.0,1,0.0,2.0,0.0,1.0,72.0,0.75,0.0,1.0,Local-gov,Local-gov,5.0,Prof-specialty,Prof-specialty,5.0,0.0005400054000540005
fcar,2776,Male,0.446952430572739,0.5000577229344056,0.0,1,0.0,2.0,0.0,1.0,650.0,0.75,0.0,1.0,Private,Private,5.0,Craft-repair,Craft-repair,5.0,0.0048750487504875045
fcar,190,Male,0.44339063945583984,0.5000609499368514,0.0,1,0.0,2.0,0.0,1.0,694.0,0.75,0.0,1.0,Private,Private,5.0,Transport-moving,Transport-moving,5.0,0.005205052050520505
fcar,2519,Male,0.07138369091973228,0.5000658607073855,0.0,1,0.0,2.0,0.0,1.0,7822.0,0.75,0.0,1.0,Private,Private,5.0,Adm-clerical,Adm-clerical,5.0,0.05866558665586656
fcar,4362,Male,0.37732317751005334,0.500077968163137,0.0,1,0.0,2.0,0.0,1.0,1528.0,0.75,0.0,1.0,Private,Private,5.0,Machine-op-inspct,Machine-op-inspct,5.0,0.011460114601146012
fcar,3296,Male,0.34364998499128285,0.500035618542226,0.0,1,0.0,2.0,0.0,1.0,1973.0,0.75,0.0,1.0,Local-gov,Local-gov,5.0,Adm-clerical,Adm-clerical,5.0,0.014797647976479764
fcar,4531,Male,0.029196522059141135,0.500080822079358,0.0,1,0.0,2.0,0.0,1.0,10683.0,0.75,0.0,1.0,Private,Private,5.0,Handlers-cleaners,Handlers-cleaners,5.0,0.08012330123301233
fcar,361,Male,0.11490797329799614,0.5000324252484327,0.0,1,0.0,2.0,0.0,1.0,6224.0,0.75,0.0,1.0,Private,Private,5.0,Craft-repair,Craft-repair,5.0,0.046680466804668044
fcar,2964,Female,0.04404863611888764,0.5000528966493165,0.0,1,0.0,2.0,0.0,1.0,9382.0,0.75,0.0,1.0,Federal-gov,Federal-gov,5.0,Adm-clerical,Adm-clerical,5.0,0.07036570365703657
fcar,571,Male,0.020370925752129825,0.5000109363744403,0.0,1,0.0,2.0,0.0,1.0,11807.0,0.75,0.0,1.0,Private,Private,5.0,Handlers-cleaners,Handlers-cleaners,5.0,0.08855338553385533
fcar,731,Male,0.4204036798630502,0.5000074453888383,0.0,1,0.0,2.0,0.0,1.0,979.0,0.75,0.0,1.0,Private,Private,5.0,Machine-op-inspct,Machine-op-inspct,5.0,0.0073425734257342576
fcar,754,Male,0.3853347376539142,0.5000390983952523,0.0,1,0.0,2.0,0.0,1.0,1424.0,0.75,0.0,1.0,Self-emp-not-inc,Self-emp-not-inc,5.0,Farming-fishing,Farming-fishing,5.0,0.01068010680106801
fcar,608,Female,0.127392956352026,0.5000110865534062,0.0,1,0.0,2.0,0.0,1.0,5866.0,0.75,0.0,1.0,Private,Private,5.0,Craft-repair,Craft-repair,5.0,0.04399543995439954
fcar,3801,Female,0.010091241252875036,0.5000780503007166,0.0,1,0.0,2.0,0.0,1.0,13981.0,0.75,0.0,1.0,Private,Private,5.0,Machine-op-inspct,Machine-op-inspct,5.0,0.10485854858548585
fcar,2646,Male,0.2821766699103217,0.5000563717845552,0.0,1,0.0,2.0,0.0,1.0,2847.0,0.75,0.0,1.0,Private,Private,5.0,Sales,Sales,5.0,0.021352713527135272
fcar,5846,Male,0.02901237036988407,0.5000097474881329,0.0,1,0.0,2.0,0.0,1.0,10702.0,0.75,0.0,1.0,Private,Private,5.0,Machine-op-inspct,Machine-op-inspct,5.0,0.08026580265802657
fcar,3041,Female,0.115617130856278,0.5000487680880237,0.0,1,0.0,2.0,0.0,1.0,6203.0,0.75,0.0,1.0,Federal-gov,Federal-gov,5.0,Adm-clerical,Adm-clerical,5.0,0.0465229652296523
fcar,5643,Male,0.4973486424298455,0.500054906208597,0.0,1,0.0,2.0,0.0,1.0,33.0,0.75,0.0,1.0,Self-emp-not-inc,Self-emp-not-inc,5.0,Farming-fishing,Farming-fishing,5.0,0.00024750247502475025
fcar,3627,Male,0.4075546800988478,0.5000511111905037,0.0,1,0.0,2.0,0.0,1.0,1141.0,0.75,0.0,1.0,Private,Private,5.0,Craft-repair,Craft-repair,5.0,0.008557585575855758
fcar,837,Female,0.01932754252468726,0.5000498616010634,0.0,1,0.0,2.0,0.0,1.0,11971.0,0.75,0.0,1.0,Private,Private,5.0,Exec-managerial,Exec-managerial,5.0,0.08978339783397835
fcar,5192,Male,0.40670902217910737,0.5000773333635736,0.0,1,0.0,2.0,0.0,1.0,1152.0,0.75,0.0,1.0,Self-emp-not-inc,Self-emp-not-inc,5.0,Transport-moving,Transport-moving,5.0,0.008640086400864009
fcar,5056,Male,0.21643864740198693,0.5000027430136927,0.0,1,0.0,2.0,0.0,1.0,3922.0,0.75,0.0,1.0,Private,Private,5.0,Sales,Sales,5.0,0.02941529415294153
fcar,1906,Male,0.0014735379606502328,0.500024215666032,0.0,1,0.0,2.0,0.0,1.0,19872.0,0.75,0.0,1.0,Private,Private,5.0,Other-service,Other-service,5.0,0.14904149041490414
fcar,1689,Female,0.2379981775227312,0.5000455493358419,0.0,1,0.0,2.0,0.0,1.0,3548.0,0.75,0.0,1.0,Private,Private,5.0,Tech-support,Tech-support,5.0,0.026610266102661026
fcar,3008,Female,0.0690527885059628,0.5000785395258766,0.0,1,0.0,2.0,0.0,1.0,7931.0,0.75,0.0,1.0,Private,Private,5.0,Adm-clerical,Adm-clerical,5.0,0.05948309483094831
fcar,1900,Male,0.043427897960172324,0.5000329214722691,0.0,1,0.0,2.0,0.0,1.0,9427.0,0.75,0.0,1.0,Private,Private,5.0,Craft-repair,Craft-repair,5.0,0.07070320703207032
fcar,4330,Female,0.053431110249628114,0.5000299978833891,0.0,1,0.0,2.0,0.0,1.0,8763.0,0.75,0.0,1.0,State-gov,State-gov,5.0,Adm-clerical,Adm-clerical,5.0,0.06572315723157232
fcar,5027,Male,0.0018570876926023887,0.5000578928293288,0.0,1,0.0,2.0,0.0,1.0,19166.0,0.75,0.0,1.0,Private,Private,5.0,Handlers-cleaners,Handlers-cleaners,5.0,0.14374643746437465
fcar,6001,Male,0.0317015737555907,0.5000656706133084,0.0,1,0.0,2.0,0.0,1.0,10424.0,0.75,0.0,1.0,Private,Private,5.0,Transport-moving,Transport-moving,5.0,0.07818078180781808
fcar,3097,Female,0.006998949687309853,0.5000812155831372,0.0,1,0.0,2.0,0.0,1.0,15106.0,0.75,0.0,1.0,Private,Private,5.0,Adm-clerical,Adm-clerical,5.0,0.11329613296132961
fcar,4749,Female,0.0050985806596726,0.5000342511629214,0.0,1,0.0,2.0,0.0,1.0,16077.0,0.75,0.0,1.0,Private,Private,5.0,Sales,Sales,5.0,0.12057870578705787
fcar,3084,Female,0.005775637852865941,0.5000487252043677,0.0,1,0.0,2.0,0.0,1.0,15695.0,0.75,0.0,1.0,Private,Private,5.0,Other-service,Other-service,5.0,0.11771367713677136
fcar,5288,Female,0.02443909987857049,0.5000712382599619,0.0,1,0.0,2.0,0.0,1.0,11240.0,0.75,0.0,1.0,Private,Private,5.0,Sales,Sales,5.0,0.08430084300843009
fcar,3601,Female,0.004139187331606007,0.5000811969936877,0.0,1,0.0,2.0,0.0,1.0,16716.0,0.75,0.0,1.0,Private,Private,5.0,Adm-clerical,Adm-clerical,5.0,0.12537125371253713
fcar,992,Male,0.36650553474412506,0.5000631876700236,0.0,1,0.0,2.0,0.0,1.0,1669.0,0.75,0.0,1.0,Private,Private,5.0,Tech-support,Tech-support,5.0,0.012517625176251762
fcar,1128,Male,0.16027903154353523,0.5000238072545095,0.0,1,0.0,2.0,0.0,1.0,5049.0,0.75,0.0,1.0,Local-gov,Local-gov,5.0,Protective-serv,Protective-serv,5.0,0.03786787867878679
fcar,5780,Male,0.06189202088203391,0.500070042284097,0.0,1,0.0,2.0,0.0,1.0,8288.0,0.75,0.0,1.0,Private,Private,5.0,Craft-repair,Craft-repair,5.0,0.06216062160621606
fcar,2682,Male,0.21531124650120786,0.5000598601131613,0.0,1,0.0,2.0,0.0,1.0,3943.0,0.75,0.0,1.0,Private,Private,5.0,Machine-op-inspct,Machine-op-inspct,5.0,0.02957279572795728
fcar,3482,Female,0.009917309167437638,0.5000340379992604,0.0,1,0.0,2.0,0.0,1.0,14034.0,0.75,0.0,1.0,Private,Private,5.0,Other-service,Other-service,5.0,0.1052560525605256
fcar,854,Female,0.1435244290573244,0.5000394984200193,0.0,1,0.0,2.0,0.0,1.0,5446.0,0.75,0.0,1.0,Private,Private,5.0,Prof-specialty,Prof-specialty,5.0,0.04084540845408454
fcar,3577,Male,0.0055858377372084616,0.5000123257047883,0.0,1,0.0,2.0,0.0,1.0,15797.0,0.75,0.0,1.0,Private,Private,5.0,Other-service,Other-service,5.0,0.11847868478684787
fcar,4707,Male,0.10073234205119555,0.5000479237512689,0.0,1,0.0,2.0,0.0,1.0,6674.0,0.75,0.0,1.0,Private,Private,5.0,Other-service,Other-service,5.0,0.05005550055500555
fcar,333,Female,0.048228750860527594,0.5000311752193619,0.0,1,0.0,2.0,0.0,1.0,9092.0,0.75,0.0,1.0,Private,Private,5.0,Sales,Sales,5.0,0.06819068190681907
fcar,5252,Male,0.230384460442409,0.5000107578387996,0.0,1,0.0,2.0,0.0,1.0,3677.0,0.75,0.0,1.0,Private,Private,5.0,Sales,Sales,5.0,0.027577775777757777
fcar,3344,Female,0.14598473521544847,0.500005347939835,0.0,1,0.0,2.0,0.0,1.0,5385.0,0.75,0.0,1.0,Self-emp-not-inc,Self-emp-not-inc,5.0,Prof-specialty,Prof-specialty,5.0,0.04038790387903879
fcar,1214,Male,0.4762752353824925,0.5000399426376649,0.0,1,0.0,2.0,0.0,1.0,290.0,0.75,0.0,1.0,Local-gov,Local-gov,5.0,Craft-repair,Craft-repair,5.0,0.0021750217502175023
fcar,3262,Male,0.05260842053807109,0.5000340045051509,0.0,1,0.0,2.0,0.0,1.0,8813.0,0.75,0.0,1.0,Private,Private,5.0,Sales,Sales,5.0,0.06609816098160981
fcar,108,Female,0.015764857586807943,0.5000358368355206,0.0,1,0.0,2.0,0.0,1.0,12603.0,0.75,0.0,1.0,Local-gov,Local-gov,5.0,Adm-clerical,Adm-clerical,5.0,0.09452344523445234
fcar,989,Female,0.2109498201837598,0.5000367699392676,0.0,1,0.0,2.0,0.0,1.0,4022.0,0.75,0.0,1.0,Local-gov,Local-gov,5.0,Prof-specialty,Prof-specialty,5.0,0.030165301653016532
fcar,5565,Female,0.10840969597207586,0.5000518878610275,0.0,1,0.0,2.0,0.0,1.0,6424.0,0.75,0.0,1.0,Private,Private,5.0,Sales,Sales,5.0,0.04818048180481805
fcar,5375,Female,0.0024029169819387414,0.5000722341578434,0.0,1,0.0,2.0,0.0,1.0,18379.0,0.75,0.0,1.0,Private,Private,5.0,Other-service,Other-service,5.0,0.1378438784387844
fcar,1747,Male,0.04729518978046707,0.5000659447172464,0.0,1,0.0,2.0,0.0,1.0,9155.0,0.75,0.0,1.0,Private,Private,5.0,Adm-clerical,Adm-clerical,5.0,0.06866318663186632
fcar,3606,Male,0.01995371652782178,0.5000617418461157,0.0,1,0.0,2.0,0.0,1.0,11872.0,0.75,0.0,1.0,Private,Private,5.0,Transport-moving,Transport-moving,5.0,0.08904089040890409
fcar,5696,Male,0.34372027989202,0.5000315193724442,0.0,1,0.0,2.0,0.0,1.0,1972.0,0.75,0.0,1.0,Private,Private,5.0,Handlers-cleaners,Handlers-cleaners,5.0,0.014790147901479015
fcar,453,Male,0.3381979168378806,0.5000380872509075,0.0,1,0.0,2.0,0.0,1.0,2047.0,0.75,0.0,1.0,Private,Private,5.0,Sales,Sales,5.0,0.015352653526535266
fcar,5159,Female,0.310618863486732,0.5000563498757387,0.0,1,0.0,2.0,0.0,1.0,2431.0,0.75,0.0,1.0,Local-gov,Local-gov,5.0,Prof-specialty,Prof-specialty,5.0,0.01823268232682327
fcar,3234,Male,0.018425047379435143,0.5000021556615352,0.0,1,0.0,2.0,0.0,1.0,12119.0,0.75,0.0,1.0,State-gov,State-gov,5.0,Transport-moving,Transport-moving,5.0,0.09089340893408934
fcar,4382,Female,0.017350424285524316,0.500040730022408,0.0,1,0.0,2.0,0.0,1.0,12306.0,0.75,0.0,1.0,Private,Private,5.0,Other-service,Other-service,5.0,0.09229592295922959
fcar,4630,Female,0.002666765452907551,0.500023295981863,0.0,1,0.0,2.0,0.0,1.0,18060.0,0.75,0.0,1.0,Private,Private,5.0,Sales,Sales,5.0,0.13545135451354515
fcar,2480,Male,0.014276695687398078,0.5000461269286771,0.0,1,0.0,2.0,0.0,1.0,12910.0,0.75,0.0,1.0,Private,Private,5.0,Other-service,Other-service,5.0,0.0968259682596826
fcar,5579,Male,0.28802549307055547,0.5000138532309072,0.0,1,0.0,2.0,0.0,1.0,2759.0,0.75,0.0,1.0,Private,Private,5.0,Prof-specialty,Prof-specialty,5.0,0.02069270692706927
fcar,1224,Male,0.011451751378222831,0.5000571784198966,0.0,1,0.0,2.0,0.0,1.0,13591.0,0.75,0.0,1.0,Federal-gov,Federal-gov,5.0,Other-service,Other-service,5.0,0.10193351933519335
fcar,209,Male,0.22402223441395738,0.5000544914007244,0.0,1,0.0,2.0,0.0,1.0,3788.0,0.75,0.0,1.0,Private,Private,5.0,Transport-moving,Transport-moving,5.0,0.02841028410284103
fcar,1879,Male,0.0013254235426787859,0.5000744135216969,0.0,1,0.0,2.0,0.0,1.0,20196.0,0.75,0.0,1.0,Private,Private,5.0,Handlers-cleaners,Handlers-cleaners,5.0,0.15147151471514717
fcar,1800,Male,0.025192261703874397,0.5000616313640041,0.0,1,0.0,2.0,0.0,1.0,11145.0,0.75,0.0,1.0,Private,Private,5.0,Transport-moving,Transport-moving,5.0,0.08358833588335883
fcar,2114,Male,0.08864063706873837,0.5000034142007458,0.0,1,0.0,2.0,0.0,1.0,7104.0,0.75,0.0,1.0,Private,Private,5.0,Prof-specialty,Prof-specialty,5.0,0.05328053280532805
fcar,4893,Male,0.24600393041746976,0.5000499583389151,0.0,1,0.0,2.0,0.0,1.0,3415.0,0.75,0.0,1.0,Private,Private,5.0,Transport-moving,Transport-moving,5.0,0.025612756127561274
fcar,2323,Female,0.010871647273735189,0.500035803719459,0.0,1,0.0,2.0,0.0,1.0,13751.0,0.75,0.0,1.0,Private,Private,5.0,Sales,Sales,5.0,0.10313353133531335
fcar,2107,Male,0.028133237509636918,0.5000456989633478,0.0,1,0.0,2.0,0.0,1.0,10799.0,0.75,0.0,1.0,Local-gov,Local-gov,5.0,Transport-moving,Transport-moving,5.0,0.08099330993309933
fcar,4904,Male,0.4906381698754988,0.5000680814687586,0.0,1,0.0,2.0,0.0,1.0,115.0,0.75,0.0,1.0,Private,Private,5.0,Machine-op-inspct,Machine-op-inspct,5.0,0.0008625086250862509
fcar,2524,Male,0.007958492052227723,0.5000493159581023,0.0,1,0.0,2.0,0.0,1.0,14711.0,0.75,0.0,1.0,Private,Private,5.0,Handlers-cleaners,Handlers-cleaners,5.0,0.11033360333603336
fcar,4334,Male,0.018814797416283807,0.5000040351844869,0.0,1,0.0,2.0,0.0,1.0,12054.0,0.75,0.0,1.0,Private,Private,5.0,Priv-house-serv,Priv-house-serv,5.0,0.09040590405904059
fcar,1918,Female,0.37288829672766244,0.5000224185816449,0.0,1,0.0,2.0,0.0,1.0,1585.0,0.75,0.0,1.0,Private,Private,5.0,Exec-managerial,Exec-managerial,5.0,0.011887618876188761
fcar,1612,Male,0.28326153282592126,0.5000816612262596,0.0,1,0.0,2.0,0.0,1.0,2831.0,0.75,0.0,1.0,Private,Private,5.0,Machine-op-inspct,Machine-op-inspct,5.0,0.02123271232712327
fcar,3037,Male,0.1084778201113571,0.5000640224358114,0.0,1,0.0,2.0,0.0,1.0,6422.0,0.75,0.0,1.0,Private,Private,5.0,Sales,Sales,5.0,0.04816548165481655
fcar,1242,Male,0.365566859753626,0.5000360230572949,0.0,1,0.0,2.0,0.0,1.0,1681.0,0.75,0.0,1.0,Private,Private,5.0,Machine-op-inspct,Machine-op-inspct,5.0,0.012607626076260762
fcar,300,Female,0.10463149094856072,0.5000495429062737,0.0,1,0.0,2.0,0.0,1.0,6545.0,0.75,0.0,1.0,Self-emp-inc,Self-emp-inc,5.0,Sales,Sales,5.0,0.0490879908799088
fcar,3637,Male,0.15619174397890145,0.5000607567527237,0.0,1,0.0,2.0,0.0,1.0,5143.0,0.75,0.0,1.0,Private,Private,5.0,Craft-repair,Craft-repair,5.0,0.03857288572885729
fcar,1991,Male,0.0009728990641707635,0.5000186783127213,0.0,1,0.0,2.0,0.0,1.0,21139.0,0.75,0.0,1.0,Self-emp-inc,Self-emp-inc,5.0,Other-service,Other-service,5.0,0.1585440854408544
fcar,5705,Male,0.02768289646758404,0.5000780924158652,0.0,1,0.0,2.0,0.0,1.0,10850.0,0.75,0.0,1.0,Private,Private,5.0,Farming-fishing,Farming-fishing,5.0,0.08137581375813759
fcar,2737,Female,0.13785596709543077,0.5000436522812898,0.0,1,0.0,2.0,0.0,1.0,5589.0,0.75,0.0,1.0,Private,Private,5.0,Tech-support,Tech-support,5.0,0.04191791917919179
fcar,3475,Male,0.08897879582423263,0.5000640091611214,0.0,1,0.0,2.0,0.0,1.0,7092.0,0.75,0.0,1.0,Private,Private,5.0,Craft-repair,Craft-repair,5.0,0.053190531905319055
fcar,3669,Female,0.2757238742231179,0.5000725581601755,0.0,1,0.0,2.0,0.0,1.0,2945.0,0.75,0.0,1.0,Private,Private,5.0,Sales,Sales,5.0,0.022087720877208773
fcar,5800,Female,0.02930544816041664,0.5000557312401375,0.0,1,0.0,2.0,0.0,1.0,10671.0,0.75,0.0,1.0,Private,Private,5.0,Machine-op-inspct,Machine-op-inspct,5.0,0.08003330033300333
fcar,4115,Female,0.06910332807873333,0.5000289932219385,0.0,1,0.0,2.0,0.0,1.0,7928.0,0.75,0.0,1.0,Private,Private,5.0,Craft-repair,Craft-repair,5.0,0.05946059460594606
fcar,818,Male,0.24193287094927135,0.500026542985723,0.0,1,0.0,2.0,0.0,1.0,3482.0,0.75,0.0,1.0,Self-emp-not-inc,Self-emp-not-inc,5.0,Craft-repair,Craft-repair,5.0,0.026115261152611525
fcar,4398,Female,0.019295268632603512,0.5000338691933779,0.0,1,0.0,2.0,0.0,1.0,11976.0,0.75,0.0,1.0,Private,Private,5.0,Sales,Sales,5.0,0.08982089820898209
fcar,1056,Male,0.20109991917336253,0.5000702903021007,0.0,1,0.0,2.0,0.0,1.0,4206.0,0.75,0.0,1.0,Private,Private,5.0,Transport-moving,Transport-moving,5.0,0.03154531545315453
fcar,3472,Male,0.06317576731820218,0.5000501838642012,0.0,1,0.0,2.0,0.0,1.0,8221.0,0.75,0.0,1.0,Private,Private,5.0,Sales,Sales,5.0,0.06165811658116581
fcar,3159,Female,0.03925874934776739,0.5000385621873358,0.0,1,0.0,2.0,0.0,1.0,9748.0,0.75,0.0,1.0,Private,Private,5.0,Prof-specialty,Prof-specialty,5.0,0.07311073110731107
fcar,376,Male,0.011078762149122737,0.500049580464722,0.0,1,0.0,2.0,0.0,1.0,13693.0,0.75,0.0,1.0,Private,Private,5.0,Other-service,Other-service,5.0,0.10269852698526985
fcar,3010,Male,0.004218823209801435,0.5000268627435366,0.0,1,0.0,2.0,0.0,1.0,16657.0,0.75,0.0,1.0,Private,Private,5.0,Sales,Sales,5.0,0.12492874928749287
fcar,80,Male,0.001645191825717062,0.5000599332974162,0.0,1,0.0,2.0,0.0,1.0,19536.0,0.75,0.0,1.0,Private,Private,5.0,Farming-fishing,Farming-fishing,5.0,0.14652146521465215
fcar,2903,Male,0.09013351190895408,0.5000781942908689,0.0,1,0.0,2.0,0.0,1.0,7049.0,0.75,0.0,1.0,Private,Private,5.0,Craft-repair,Craft-repair,5.0,0.052868028680286804
fcar,2515,Male,0.4364427945531572,0.5000639385240855,0.0,1,0.0,2.0,0.0,1.0,780.0,0.75,0.0,1.0,Private,Private,5.0,Machine-op-inspct,Machine-op-inspct,5.0,0.005850058500585006
fcar,277,Female,0.09062610406096173,0.5000179769096735,0.0,1,0.0,2.0,0.0,1.0,7030.0,0.75,0.0,1.0,Private,Private,5.0,Exec-managerial,Exec-managerial,5.0,0.052725527255272554
fcar,2584,Female,0.007511513735067339,0.5000016151084894,0.0,1,0.0,2.0,0.0,1.0,14888.0,0.75,0.0,1.0,Without-pay,Without-pay,5.0,Farming-fishing,Farming-fishing,5.0,0.11166111661116611
fcar,1990,Male,0.15978403338585062,0.5000052942086209,0.0,1,0.0,2.0,0.0,1.0,5060.0,0.75,0.0,1.0,Private,Private,5.0,Sales,Sales,5.0,0.03795037950379504
fcar,4323,Male,0.1614318827757802,0.5000267981040262,0.0,1,0.0,2.0,0.0,1.0,5023.0,0.75,0.0,1.0,Private,Private,5.0,Exec-managerial,Exec-managerial,5.0,0.03767287672876729
fcar,655,Male,0.08765611832088013,0.5000575742821737,0.0,1,0.0,2.0,0.0,1.0,7142.0,0.75,0.0,1.0,Private,Private,5.0,Transport-moving,Transport-moving,5.0,0.05356553565535655
fcar,3739,Male,0.15486528662128013,0.5000781491634017,0.0,1,0.0,2.0,0.0,1.0,5174.0,0.75,0.0,1.0,Self-emp-not-inc,Self-emp-not-inc,5.0,Farming-fishing,Farming-fishing,5.0,0.03880538805388054
fcar,3515,Male,0.0032157942684240873,0.5000539753760981,0.0,1,0.0,2.0,0.0,1.0,17488.0,0.75,0.0,1.0,Private,Private,5.0,Handlers-cleaners,Handlers-cleaners,5.0,0.13116131161311614
fcar,78,Female,0.09553867640855239,0.5000538414429779,0.0,1,0.0,2.0,0.0,1.0,6853.0,0.75,0.0,1.0,State-gov,State-gov,5.0,Exec-managerial,Exec-managerial,5.0,0.0513980139801398
fcar,2997,Female,0.0042645790341293306,0.5000288729760837,0.0,1,0.0,2.0,0.0,1.0,16624.0,0.75,0.0,1.0,Private,Private,5.0,Adm-clerical,Adm-clerical,5.0,0.12468124681246813
fcar,3331,Male,0.4243562712755196,0.5000392396392445,0.0,1,0.0,2.0,0.0,1.0,930.0,0.75,0.0,1.0,Private,Private,5.0,Sales,Sales,5.0,0.006975069750697507
fcar,3543,Male,0.0022107721603780626,0.5000189184284962,0.0,1,0.0,2.0,0.0,1.0,18633.0,0.75,0.0,1.0,Private,Private,5.0,Handlers-cleaners,Handlers-cleaners,5.0,0.1397488974889749
fcar,1595,Female,0.08853458177265454,0.5000030632827323,0.0,1,0.0,2.0,0.0,1.0,7108.0,0.75,0.0,1.0,Local-gov,Local-gov,5.0,Adm-clerical,Adm-clerical,5.0,0.05331053310533106
fcar,1949,Female,0.09762424285232496,0.5000430096570428,0.0,1,0.0,2.0,0.0,1.0,6780.0,0.75,0.0,1.0,Private,Private,5.0,Sales,Sales,5.0,0.05085050850508505
fcar,3350,Male,0.017911684450343763,0.5000237729508764,0.0,1,0.0,2.0,0.0,1.0,12207.0,0.75,0.0,1.0,Private,Private,5.0,Handlers-cleaners,Handlers-cleaners,5.0,0.09155341553415534
fcar,4527,Female,0.14231969568630704,0.5000410153403405,0.0,1,0.0,2.0,0.0,1.0,5476.0,0.75,0.0,1.0,Private,Private,5.0,Adm-clerical,Adm-clerical,5.0,0.04107041070410704
fcar,4043,Male,0.05966115696791569,0.500057753267357,0.0,1,0.0,2.0,0.0,1.0,8407.0,0.75,0.0,1.0,Private,Private,5.0,Machine-op-inspct,Machine-op-inspct,5.0,0.06305313053130532
fcar,5833,Male,0.28328985174854593,0.5000345227491347,0.0,1,0.0,2.0,0.0,1.0,2830.0,0.75,0.0,1.0,Private,Private,5.0,Craft-repair,Craft-repair,5.0,0.02122521225212252
fcar,1181,Male,0.08878446167266603,0.500038137751248,0.0,1,0.0,2.0,0.0,1.0,7099.0,0.75,0.0,1.0,Private,Private,5.0,Machine-op-inspct,Machine-op-inspct,5.0,0.05324303243032431
fcar,5351,Female,0.006100178115573309,0.5000201927817453,0.0,1,0.0,2.0,0.0,1.0,15527.0,0.75,0.0,1.0,Private,Private,5.0,Machine-op-inspct,Machine-op-inspct,5.0,0.11645366453664537
fcar,5799,Female,0.34741228743250147,0.5000124773640625,0.0,1,0.0,2.0,0.0,1.0,1922.0,0.75,0.0,1.0,State-gov,State-gov,5.0,Prof-specialty,Prof-specialty,5.0,0.014415144151441515
fcar,2705,Male,0.22423727147478412,0.500035603204513,0.0,1,0.0,2.0,0.0,1.0,3784.0,0.75,0.0,1.0,Private,Private,5.0,Prof-specialty,Prof-specialty,5.0,0.028380283802838028
fcar,3710,Female,0.12853442095309012,0.5000261270590401,0.0,1,0.0,2.0,0.0,1.0,5835.0,0.75,0.0,1.0,Private,Private,5.0,Sales,Sales,5.0,0.043762937629376296
fcar,3602,Female,0.003875305807364335,0.5000299956776083,0.0,1,0.0,2.0,0.0,1.0,16917.0,0.75,0.0,1.0,Local-gov,Local-gov,5.0,Adm-clerical,Adm-clerical,5.0,0.1268787687876879
fcar,5749,Male,0.46152366984083315,0.5000735698078136,0.0,1,0.0,2.0,0.0,1.0,471.0,0.75,0.0,1.0,Private,Private,5.0,Craft-repair,Craft-repair,5.0,0.0035325353253532537
fcar,4036,Female,0.06588252430273758,0.5000264591852773,0.0,1,0.0,2.0,0.0,1.0,8084.0,0.75,0.0,1.0,Private,Private,5.0,Prof-specialty,Prof-specialty,5.0,0.06063060630606306
fcar,6031,Female,0.012123150200735807,0.5000370377204864,0.0,1,0.0,2.0,0.0,1.0,13415.0,0.75,0.0,1.0,Private,Private,5.0,Adm-clerical,Adm-clerical,5.0,0.10061350613506136
fcar,4717,Female,0.09464691104409413,0.5000052651484415,0.0,1,0.0,2.0,0.0,1.0,6884.0,0.75,0.0,1.0,Private,Private,5.0,Sales,Sales,5.0,0.05163051630516305
fcar,2532,Male,0.18165456203800032,0.5000437194986564,0.0,1,0.0,2.0,0.0,1.0,4589.0,0.75,0.0,1.0,Private,Private,5.0,Tech-support,Tech-support,5.0,0.034417844178441785
fcar,1085,Female,0.04191520771091862,0.5000415478819455,0.0,1,0.0,2.0,0.0,1.0,9540.0,0.75,0.0,1.0,Private,Private,5.0,Other-service,Other-service,5.0,0.07155071550715507
fcar,280,Male,0.17083095078752533,0.5000167280062429,0.0,1,0.0,2.0,0.0,1.0,4816.0,0.75,0.0,1.0,Private,Private,5.0,Craft-repair,Craft-repair,5.0,0.036120361203612034
fcar,750,Female,0.020936153500569956,0.5000266851730676,0.0,1,0.0,2.0,0.0,1.0,11722.0,0.75,0.0,1.0,Private,Private,5.0,Adm-clerical,Adm-clerical,5.0,0.0879158791587916
fcar,520,Male,0.10025233099833769,0.5000325036324259,0.0,1,0.0,2.0,0.0,1.0,6690.0,0.75,0.0,1.0,Private,Private,5.0,Exec-managerial,Exec-managerial,5.0,0.05017550175501755
fcar,3772,Male,0.4969124795708296,0.5000287726886069,0.0,1,0.0,2.0,0.0,1.0,38.0,0.75,0.0,1.0,Private,Private,5.0,Craft-repair,Craft-repair,5.0,0.0002850028500285003
fcar,5666,Male,0.16150863054055425,0.5000044887337083,0.0,1,0.0,2.0,0.0,1.0,5021.0,0.75,0.0,1.0,Federal-gov,Federal-gov,5.0,Prof-specialty,Prof-specialty,5.0,0.037657876578765785
fcar,5806,Male,0.009017095894171216,0.5000455683796122,0.0,1,0.0,2.0,0.0,1.0,14327.0,0.75,0.0,1.0,Private,Private,5.0,Transport-moving,Transport-moving,5.0,0.10745357453574536
fcar,5655,Male,0.022579150320334973,0.500061872580775,0.0,1,0.0,2.0,0.0,1.0,11487.0,0.75,0.0,1.0,Private,Private,5.0,Adm-clerical,Adm-clerical,5.0,0.08615336153361533
fcar,5320,Male,0.2686177740433486,0.5000430241264452,0.0,1,0.0,2.0,0.0,1.0,3054.0,0.75,0.0,1.0,State-gov,State-gov,5.0,Adm-clerical,Adm-clerical,5.0,0.022905229052290522
fcar,2867,Male,0.026771528778163422,0.5000038323042363,0.0,1,0.0,2.0,0.0,1.0,10954.0,0.75,0.0,1.0,Self-emp-not-inc,Self-emp-not-inc,5.0,Other-service,Other-service,5.0,0.08215582155821559
fcar,6024,Male,0.37231387013220807,0.5000641797541856,0.0,1,0.0,2.0,0.0,1.0,1593.0,0.75,0.0,1.0,Private,Private,5.0,Machine-op-inspct,Machine-op-inspct,5.0,0.011947619476194762
fcar,1386,Female,0.049773248128836295,0.5000348914666839,0.0,1,0.0,2.0,0.0,1.0,8991.0,0.75,0.0,1.0,Local-gov,Local-gov,5.0,Adm-clerical,Adm-clerical,5.0,0.06743317433174331
fcar,1140,Female,0.004735554148938147,0.5000111610856963,0.0,1,0.0,2.0,0.0,1.0,16303.0,0.75,0.0,1.0,Self-emp-not-inc,Self-emp-not-inc,5.0,Other-service,Other-service,5.0,0.12227372273722738
fcar,5301,Male,0.12124317295747164,0.5000733220071885,0.0,1,0.0,2.0,0.0,1.0,6039.0,0.75,0.0,1.0,Private,Private,5.0,Farming-fishing,Farming-fishing,5.0,0.0452929529295293
fcar,2066,Female,0.06554949707108292,0.5000645740364494,0.0,1,0.0,2.0,0.0,1.0,8101.0,0.75,0.0,1.0,Private,Private,5.0,Adm-clerical,Adm-clerical,5.0,0.06075810758107581
fcar,3263,Male,0.40943329307904225,0.5000266185658221,0.0,1,0.0,2.0,0.0,1.0,1117.0,0.75,0.0,1.0,Private,Private,5.0,Craft-repair,Craft-repair,5.0,0.008377583775837758
fcar,539,Female,0.012240981635929075,0.5000247485865593,0.0,1,0.0,2.0,0.0,1.0,13385.0,0.75,0.0,1.0,Private,Private,5.0,Machine-op-inspct,Machine-op-inspct,5.0,0.10038850388503885
fcar,4388,Female,0.009250806936340854,0.5000229599726137,0.0,1,0.0,2.0,0.0,1.0,14248.0,0.75,0.0,1.0,Private,Private,5.0,Other-service,Other-service,5.0,0.1068610686106861
fcar,3738,Male,0.190218070086262,0.5000021645471479,0.0,1,0.0,2.0,0.0,1.0,4416.0,0.75,0.0,1.0,Private,Private,5.0,Transport-moving,Transport-moving,5.0,0.03312033120331203
fcar,5764,Female,0.0507772191740335,0.5000431509523164,0.0,1,0.0,2.0,0.0,1.0,8927.0,0.75,0.0,1.0,Private,Private,5.0,Other-service,Other-service,5.0,0.06695316953169532
fcar,5262,Female,0.015332446877255119,0.5000257875321626,0.0,1,0.0,2.0,0.0,1.0,12689.0,0.75,0.0,1.0,Private,Private,5.0,Other-service,Other-service,5.0,0.09516845168451685
fcar,4937,Female,0.006176269520420449,0.500022121185254,0.0,1,0.0,2.0,0.0,1.0,15489.0,0.75,0.0,1.0,Private,Private,5.0,Adm-clerical,Adm-clerical,5.0,0.11616866168661687
fcar,5134,Male,0.4384057122786123,0.500007874552683,0.0,1,0.0,2.0,0.0,1.0,755.0,0.75,0.0,1.0,Private,Private,5.0,Other-service,Other-service,5.0,0.005662556625566256
fcar,2915,Male,0.12816634889667497,0.500023718136836,0.0,1,0.0,2.0,0.0,1.0,5845.0,0.75,0.0,1.0,Private,Private,5.0,Handlers-cleaners,Handlers-cleaners,5.0,0.043837938379383795
fcar,4835,Male,0.05094122098873601,0.500072417397704,0.0,1,0.0,2.0,0.0,1.0,8917.0,0.75,0.0,1.0,Private,Private,5.0,Craft-repair,Craft-repair,5.0,0.06687816878168781
fcar,2268,Female,0.08461977693187751,0.50000861140562,0.0,1,0.0,2.0,0.0,1.0,7259.0,0.75,0.0,1.0,Private,Private,5.0,Sales,Sales,5.0,0.0544430444304443
fcar,695,Male,0.05423684925338706,0.5000483207698849,0.0,1,0.0,2.0,0.0,1.0,8715.0,0.75,0.0,1.0,Private,Private,5.0,Adm-clerical,Adm-clerical,5.0,0.06536315363153632
fcar,2380,Male,0.0798627475767718,0.5000758428939884,0.0,1,0.0,2.0,0.0,1.0,7452.0,0.75,0.0,1.0,Private,Private,5.0,Craft-repair,Craft-repair,5.0,0.055890558905589055
fcar,844,Male,0.3281888185054972,0.5000100490345321,0.0,1,0.0,2.0,0.0,1.0,2184.0,0.75,0.0,1.0,Private,Private,5.0,Farming-fishing,Farming-fishing,5.0,0.016380163801638016
fcar,1588,Female,0.03288415577926268,0.5000143248087641,0.0,1,0.0,2.0,0.0,1.0,10308.0,0.75,0.0,1.0,Private,Private,5.0,Sales,Sales,5.0,0.07731077310773107
fcar,123,Male,0.015206125527876726,0.5000577069463326,0.0,1,0.0,2.0,0.0,1.0,12715.0,0.75,0.0,1.0,Private,Private,5.0,Other-service,Other-service,5.0,0.09536345363453634
fcar,3356,Female,0.018607126675596733,0.5000466849411792,0.0,1,0.0,2.0,0.0,1.0,12089.0,0.75,0.0,1.0,Private,Private,5.0,Other-service,Other-service,5.0,0.09066840668406684
fcar,3563,Male,0.3705558902340026,0.5000679390847673,0.0,1,0.0,2.0,0.0,1.0,1616.0,0.75,0.0,1.0,Private,Private,5.0,Craft-repair,Craft-repair,5.0,0.012120121201212012
fcar,5028,Male,0.2698129814370676,0.5000036368758928,0.0,1,0.0,2.0,0.0,1.0,3035.0,0.75,0.0,1.0,Private,Private,5.0,Exec-managerial,Exec-managerial,5.0,0.022762727627276273
fcar,156,Male,0.1256321421261073,0.5000459730136941,0.0,1,0.0,2.0,0.0,1.0,5915.0,0.75,0.0,1.0,Private,Private,5.0,Craft-repair,Craft-repair,5.0,0.0443629436294363
fcar,5076,Male,0.031290441976306475,0.5000584931908612,0.0,1,0.0,2.0,0.0,1.0,10465.0,0.75,0.0,1.0,Private,Private,5.0,Craft-repair,Craft-repair,5.0,0.07848828488284883
fcar,3643,Male,0.34440529887044313,0.5000522676030454,0.0,1,0.0,2.0,0.0,1.0,1963.0,0.75,0.0,1.0,Private,Private,5.0,Machine-op-inspct,Machine-op-inspct,5.0,0.014722647226472265
fcar,5491,Male,0.2778300301106236,0.5000787276105075,0.0,1,0.0,2.0,0.0,1.0,2913.0,0.75,0.0,1.0,Self-emp-not-inc,Self-emp-not-inc,5.0,Transport-moving,Transport-moving,5.0,0.021847718477184773
fcar,4534,Female,0.05909628676197983,0.5000716224656444,0.0,1,0.0,2.0,0.0,1.0,8438.0,0.75,0.0,1.0,Local-gov,Local-gov,5.0,Exec-managerial,Exec-managerial,5.0,0.06328563285632856
fcar,5906,Female,0.08999634601599019,0.5000698106329923,0.0,1,0.0,2.0,0.0,1.0,7054.0,0.75,0.0,1.0,Local-gov,Local-gov,5.0,Prof-specialty,Prof-specialty,5.0,0.05290552905529055
fcar,1610,Female,0.284258160564665,0.5000774545000379,0.0,1,0.0,2.0,0.0,1.0,2816.0,0.75,0.0,1.0,Private,Private,5.0,Exec-managerial,Exec-managerial,5.0,0.02112021120211202
fcar,5984,Male,0.05644397748776154,0.5000253106206473,0.0,1,0.0,2.0,0.0,1.0,8586.0,0.75,0.0,1.0,Private,Private,5.0,Machine-op-inspct,Machine-op-inspct,5.0,0.06439564395643957
fcar,3144,Female,0.012653176307585275,0.5000439045175319,0.0,1,0.0,2.0,0.0,1.0,13283.0,0.75,0.0,1.0,Local-gov,Local-gov,5.0,Adm-clerical,Adm-clerical,5.0,0.09962349623496235
fcar,1753,Male,0.03131275868060626,0.5000784744853103,0.0,1,0.0,2.0,0.0,1.0,10463.0,0.75,0.0,1.0,Private,Private,5.0,Sales,Sales,5.0,0.07847328473284733
fcar,5435,Female,0.014271476498214692,0.5000354017661156,0.0,1,0.0,2.0,0.0,1.0,12911.0,0.75,0.0,1.0,Self-emp-inc,Self-emp-inc,5.0,Sales,Sales,5.0,0.09683346833468334
fcar,1074,Female,0.16024701840946906,0.5000463468699372,0.0,1,0.0,2.0,0.0,1.0,5050.0,0.75,0.0,1.0,Federal-gov,Federal-gov,5.0,Adm-clerical,Adm-clerical,5.0,0.03787537875378754
fcar,1521,Male,0.2895736275435596,0.5000119993007062,0.0,1,0.0,2.0,0.0,1.0,2736.0,0.75,0.0,1.0,Self-emp-not-inc,Self-emp-not-inc,5.0,Prof-specialty,Prof-specialty,5.0,0.02052020520205202
fcar,1414,Female,0.010748973497116641,0.5000381133899364,0.0,1,0.0,2.0,0.0,1.0,13786.0,0.75,0.0,1.0,Private,Private,5.0,Other-service,Other-service,5.0,0.1033960339603396
fcar,782,Female,0.014590559604507003,0.5000677013986381,0.0,1,0.0,2.0,0.0,1.0,12843.0,0.75,0.0,1.0,Federal-gov,Federal-gov,5.0,Adm-clerical,Adm-clerical,5.0,0.09632346323463234
fcar,3149,Female,0.10796392399309654,0.500044948788881,0.0,1,0.0,2.0,0.0,1.0,6438.0,0.75,0.0,1.0,State-gov,State-gov,5.0,Prof-specialty,Prof-specialty,5.0,0.048285482854828546
