method,test_idx,SEX,p_before,p_after,slack,flipped,delta_LIMIT_BAL,w_LIMIT_BAL,delta_PAY_0,w_PAY_0,delta_PAY_2,w_PAY_2,delta_BILL_AMT1,w_BILL_AMT1,delta_PAY_AMT1,w_PAY_AMT1,delta_PAY_AMT2,w_PAY_AMT2,delta_EDUCATION,w_EDUCATION,burden_total
unconstrained_ar,5585,2,0.7892827152556142,0.49999752296133737,0.0,1,0.0,1.0,0.0,1.5,0.0,1.5,0.0,1.0,115974.0,1.0,0.0,1.0,0.0,0.5,0.13276141546238804
unconstrained_ar,3410,2,0.7275082547502965,0.49999944265670837,0.0,1,0.0,1.0,0.0,1.5,0.0,1.5,0.0,1.0,86239.0,1.0,0.0,1.0,0.0,0.5,0.09872222832756379
unconstrained_ar,4464,2,0.5356336183084405,0.499998159604387,0.0,1,0.0,1.0,0.0,1.5,0.0,1.5,0.0,1.0,12539.0,1.0,0.0,1.0,0.0,0.5,0.01435403959924538
unconstrained_ar,2083,2,0.5224532865408421,0.4999986395480222,0.0,1,0.0,1.0,0.0,1.5,0.0,1.5,0.0,1.0,7893.0,1.0,0.0,1.0,0.0,0.5,0.009035523929886257
unconstrained_ar,2624,1,0.5837741373168857,0.49999891983208106,0.0,1,0.0,1.0,0.0,1.5,0.0,1.5,0.0,1.0,29708.0,1.0,0.0,1.0,0.0,0.5,0.03400827884315988
unconstrained_ar,5234,2,0.7246929891960457,0.4999990595448691,0.0,1,0.0,1.0,0.0,1.5,0.0,1.5,0.0,1.0,84996.0,1.0,0.0,1.0,0.0,0.5,0.09729930215945931
unconstrained_ar,92,2,0.5008084553375147,0.49999798449838206,0.0,1,0.0,1.0,0.0,1.5,0.0,1.5,0.0,1.0,284.0,1.0,1.0,1.0,0.0,0.5,0.0003259321645815941
unconstrained_ar,937,1,0.5868244168024275,0.4999977841855274,0.0,1,0.0,1.0,0.0,1.5,0.0,1.5,0.0,1.0,30812.0,1.0,0.0,1.0,0.0,0.5,0.03527208454676997
unconstrained_ar,3648,2,0.7091607444455389,0.4999977873073893,0.0,1,0.0,1.0,0.0,1.5,0.0,1.5,0.0,1.0,78274.0,1.0,0.0,1.0,0.0,0.5,0.08960428228657252
unconstrained_ar,4473,1,0.7758148756368705,0.4999970829670256,0.0,1,0.0,1.0,0.0,1.5,0.0,1.5,0.0,1.0,109022.0,1.0,0.0,1.0,0.0,0.5,0.12480310273458249
unconstrained_ar,4003,2,0.5057612075977013,0.49999954810531816,0.0,1,0.0,1.0,0.0,1.5,0.0,1.5,0.0,1.0,2024.0,1.0,0.0,1.0,0.0,0.5,0.002316977123285162
unconstrained_ar,2136,1,0.6049283295475227,0.49999783795881475,0.0,1,0.0,1.0,0.0,1.5,0.0,1.5,0.0,1.0,37415.0,1.0,0.0,1.0,0.0,0.5,0.042830878986024876
unconstrained_ar,4000,1,0.5724976392323787,0.4999975844336704,0.0,1,0.0,1.0,0.0,1.5,0.0,1.5,0.0,1.0,25648.0,1.0,0.0,1.0,0.0,0.5,0.029360587578072056
unconstrained_ar,1754,1,0.7408504140855737,0.49999850030697324,0.0,1,0.0,1.0,0.0,1.5,0.0,1.5,0.0,1.0,92244.0,1.0,0.0,1.0,0.0,0.5,0.10559646134402989
unconstrained_ar,529,1,0.5472934287647103,0.4999990737762124,0.0,1,0.0,1.0,0.0,1.5,0.0,1.5,0.0,1.0,16663.0,1.0,0.0,1.0,0.0,0.5,0.01907499496309321
unconstrained_ar,5821,1,0.5838901596292247,0.4999987326041376,0.0,1,0.0,1.0,0.0,1.5,0.0,1.5,0.0,1.0,29750.0,1.0,0.0,1.0,0.0,0.5,0.03405635840797113
unconstrained_ar,4554,1,0.7690980522150676,0.4999996622860889,0.0,1,0.0,1.0,0.0,1.5,0.0,1.5,0.0,1.0,105665.0,1.0,0.0,1.0,0.0,0.5,0.1209601718043116
unconstrained_ar,3567,2,0.5354027267986453,0.49999953431173744,0.0,1,0.0,1.0,0.0,1.5,0.0,1.5,0.0,1.0,12457.0,1.0,0.0,1.0,0.0,0.5,0.014260169972709123
unconstrained_ar,2350,2,0.5128380848545608,0.49999901184887086,0.0,1,0.0,1.0,0.0,1.5,0.0,1.5,0.0,1.0,4511.0,1.0,0.0,1.0,0.0,0.5,0.005163974211037236
unconstrained_ar,122,2,0.6499321284841907,0.4999988839370119,0.0,1,0.0,1.0,0.0,1.5,0.0,1.5,0.0,1.0,54337.0,1.0,0.0,1.0,0.0,0.5,0.06220236459878748
unconstrained_ar,4501,2,0.5357510488319255,0.4999994729690737,0.0,1,0.0,1.0,0.0,1.5,0.0,1.5,0.0,1.0,12580.0,1.0,0.0,1.0,0.0,0.5,0.014400974412513508
unconstrained_ar,4997,1,0.7753147492500968,0.49999901399194857,0.0,1,0.0,1.0,0.0,1.5,0.0,1.5,0.0,1.0,108769.0,1.0,0.0,1.0,0.0,0.5,0.12451348059417185
unconstrained_ar,5753,1,0.5524740610692268,0.4999994289038349,0.0,1,0.0,1.0,0.0,1.5,0.0,1.5,0.0,1.0,18501.0,1.0,0.0,1.0,0.0,0.5,0.021179048299357107
unconstrained_ar,1277,2,0.6216040359225876,0.49999870598079543,0.0,1,0.0,1.0,0.0,1.5,0.0,1.5,0.0,1.0,43590.0,1.0,0.0,1.0,0.0,0.5,0.04989971976482224
unconstrained_ar,3030,1,0.5775254901235688,0.4999970910357032,0.0,1,0.0,1.0,0.0,1.5,0.0,1.5,0.0,1.0,27455.0,1.0,0.0,1.0,0.0,0.5,0.031429153616499075
unconstrained_ar,3802,1,0.5548542686096415,0.49999899012176874,0.0,1,0.0,1.0,0.0,1.5,0.0,1.5,0.0,1.0,19347.0,1.0,0.0,1.0,0.0,0.5,0.022147508104840924
unconstrained_ar,3733,2,0.5035834469267807,0.4999993925085424,0.0,1,0.0,1.0,0.0,1.5,0.0,1.5,0.0,1.0,1259.0,1.0,0.0,1.0,0.0,0.5,0.0014412421927944758
unconstrained_ar,3853,2,0.6742069495093036,0.49999953915648765,0.0,1,0.0,1.0,0.0,1.5,0.0,1.5,0.0,1.0,63868.0,1.0,0.0,1.0,0.0,0.5,0.07311299155631262
unconstrained_ar,3408,2,0.6949279576564021,0.4999974224458757,0.0,1,0.0,1.0,0.0,1.5,0.0,1.5,0.0,1.0,72298.0,1.0,0.0,1.0,0.0,0.5,0.08276324706485705
unconstrained_ar,3047,1,0.7985973476814849,0.49999941912638907,0.0,1,0.0,1.0,0.0,1.5,0.0,1.5,0.0,1.0,120974.0,1.0,0.0,1.0,0.0,0.5,0.13848517317801345
unconstrained_ar,781,2,0.8683565720211283,0.4999977238233812,0.0,1,0.0,1.0,0.0,1.5,0.0,1.5,0.0,1.0,165670.0,1.0,0.0,1.0,0.0,0.5,0.18965098814953202
unconstrained_ar,5027,1,0.6044012511270265,0.4999988834378474,0.0,1,0.0,1.0,0.0,1.5,0.0,1.5,0.0,1.0,37221.0,1.0,0.0,1.0,0.0,0.5,0.04260879718665861
unconstrained_ar,3786,1,0.5844485649453482,0.49999837080675735,0.0,1,0.0,1.0,0.0,1.5,0.0,1.5,0.0,1.0,29952.0,1.0,0.0,1.0,0.0,0.5,0.0342875982196824
unconstrained_ar,1560,1,0.5122007410654065,0.4999989503789258,0.0,1,0.0,1.0,0.0,1.5,0.0,1.5,0.0,1.0,4287.0,1.0,0.0,1.0,0.0,0.5,0.0049075498653772184
unconstrained_ar,900,2,0.7555845560206436,0.49999826180037354,0.0,1,0.0,1.0,0.0,1.5,0.0,1.5,0.0,1.0,99114.0,1.0,0.0,1.0,0.0,0.5,0.11346090444529919
unconstrained_ar,3627,1,0.5376950445873779,0.49999826604125636,0.0,1,0.0,1.0,0.0,1.5,0.0,1.5,0.0,1.0,13267.0,1.0,0.0,1.0,0.0,0.5,0.015187418722640438
unconstrained_ar,3533,2,0.7597810651031397,0.49999906883557915,0.0,1,0.0,1.0,0.0,1.5,0.0,1.5,0.0,1.0,101121.0,1.0,0.0,1.0,0.0,0.5,0.11575842079235123
unconstrained_ar,5742,2,0.682462244212806,0.4999985704215604,0.0,1,0.0,1.0,0.0,1.5,0.0,1.5,0.0,1.0,67191.0,1.0,0.0,1.0,0.0,0.5,0.07691700093411726
unconstrained_ar,130,1,0.7096119935691785,0.49999841707235704,0.0,1,0.0,1.0,0.0,1.5,0.0,1.5,0.0,1.0,78466.0,1.0,0.0,1.0,0.0,0.5,0.08982407458285253
unconstrained_ar,1945,1,0.5408656083106511,0.4999972723484905,0.0,1,0.0,1.0,0.0,1.5,0.0,1.5,0.0,1.0,14388.0,1.0,0.0,1.0,0.0,0.5,0.016470685202483654
unconstrained_ar,262,1,0.5380293168654551,0.4999985442723559,0.0,1,0.0,1.0,0.0,1.5,0.0,1.5,0.0,1.0,13385.0,1.0,0.0,1.0,0.0,0.5,0.015322499404729198
unconstrained_ar,4734,2,0.5180957325054778,0.4999980188611305,0.0,1,0.0,1.0,0.0,1.5,0.0,1.5,0.0,1.0,6360.0,1.0,0.0,1.0,0.0,0.5,0.007280619814275509
unconstrained_ar,3805,2,0.7032740131661485,0.49999849977697824,0.0,1,0.0,1.0,0.0,1.5,0.0,1.5,0.0,1.0,75782.0,1.0,0.0,1.0,0.0,0.5,0.08675156144110482
unconstrained_ar,4690,2,0.6371687742823929,0.4999973035835105,0.0,1,0.0,1.0,0.0,1.5,0.0,1.5,0.0,1.0,49451.0,1.0,0.0,1.0,0.0,0.5,0.05660910855907834
unconstrained_ar,4415,1,0.5228835160852444,0.49999790752863593,0.0,1,0.0,1.0,0.0,1.5,0.0,1.5,0.0,1.0,8044.0,1.0,1.0,1.0,0.0,0.5,0.009209204139232216
unconstrained_ar,1650,1,0.5079095327680894,0.49999894741207884,0.0,1,0.0,1.0,0.0,1.5,0.0,1.5,0.0,1.0,2779.0,1.0,0.0,1.0,0.0,0.5,0.0031812645383445977
unconstrained_ar,1785,1,0.5489763677901912,0.4999982206260499,0.0,1,0.0,1.0,0.0,1.5,0.0,1.5,0.0,1.0,17260.0,1.0,0.0,1.0,0.0,0.5,0.019758411634338884
unconstrained_ar,2294,2,0.5364587122321353,0.4999991468432891,0.0,1,0.0,1.0,0.0,1.5,0.0,1.5,0.0,1.0,12830.0,1.0,0.0,1.0,0.0,0.5,0.014687162298294778
unconstrained_ar,5366,1,0.5235788354399606,0.4999992478885003,0.0,1,0.0,1.0,0.0,1.5,0.0,1.5,0.0,1.0,8289.0,1.0,0.0,1.0,0.0,0.5,0.009488845540963789
unconstrained_ar,3912,1,0.5558316454401021,0.49999780511359615,0.0,1,0.0,1.0,0.0,1.5,0.0,1.5,0.0,1.0,19695.0,1.0,0.0,1.0,0.0,0.5,0.022545881641848453
unconstrained_ar,1064,1,0.5592752405950743,0.49999748237157526,0.0,1,0.0,1.0,0.0,1.5,0.0,1.5,0.0,1.0,20921.0,1.0,0.0,1.0,0.0,0.5,0.0239493470337198
unconstrained_ar,2131,2,0.5012732918532727,0.4999979301365456,0.0,1,0.0,1.0,0.0,1.5,0.0,1.5,0.0,1.0,448.0,1.0,0.0,1.0,0.0,0.5,0.0005128486913200359
unconstrained_ar,5573,1,0.5359357354702002,0.49999722510031364,0.0,1,0.0,1.0,0.0,1.5,0.0,1.5,0.0,1.0,12646.0,1.0,0.0,1.0,0.0,0.5,0.014476528014359764
unconstrained_ar,2156,1,0.6254840964475191,0.49999753754459153,0.0,1,0.0,1.0,0.0,1.5,0.0,1.5,0.0,1.0,45042.0,1.0,0.0,1.0,0.0,0.5,0.05156189900543986
unconstrained_ar,3917,1,0.7203700394371444,0.4999972037428862,0.0,1,0.0,1.0,0.0,1.5,0.0,1.5,0.0,1.0,83103.0,1.0,0.0,1.0,0.0,0.5,0.09513228748832353
unconstrained_ar,5494,2,0.6089996093367156,0.4999970592873854,0.0,1,0.0,1.0,0.0,1.5,0.0,1.5,0.0,1.0,38914.0,1.0,0.0,1.0,0.0,0.5,0.04454686154916937
unconstrained_ar,5440,2,0.5067349269997837,0.499997834195042,0.0,1,0.0,1.0,0.0,1.5,0.0,1.5,0.0,1.0,2366.0,1.0,1.0,1.0,0.0,0.5,0.0027093048773680108
unconstrained_ar,3766,2,0.700720801326256,0.4999990462121643,0.0,1,0.0,1.0,0.0,1.5,0.0,1.5,0.0,1.0,74710.0,1.0,0.0,1.0,0.0,0.5,0.08552438778687474
unconstrained_ar,3352,2,0.7291744689221232,0.499998110899774,0.0,1,0.0,1.0,0.0,1.5,0.0,1.5,0.0,1.0,86979.0,1.0,0.0,1.0,0.0,0.5,0.09956934446947635
unconstrained_ar,3689,2,0.5181309225132897,0.4999990935636919,0.0,1,0.0,1.0,0.0,1.5,0.0,1.5,0.0,1.0,6372.0,1.0,0.0,1.0,0.0,0.5,0.007294356832793011
unconstrained_ar,4482,1,0.639988350806981,0.49999973747616705,0.0,1,0.0,1.0,0.0,1.5,0.0,1.5,0.0,1.0,50523.0,1.0,0.0,1.0,0.0,0.5,0.05783628221330842
unconstrained_ar,2385,1,0.7863450197063093,0.49999946420630054,0.0,1,0.0,1.0,0.0,1.5,0.0,1.5,0.0,1.0,114430.0,1.0,0.0,1.0,0.0,0.5,0.13099391907980293
unconstrained_ar,1792,2,0.5283755724607458,0.4999979202685349,0.0,1,0.0,1.0,0.0,1.5,0.0,1.5,0.0,1.0,9979.0,1.0,0.0,1.0,0.0,0.5,0.011423475648845174
unconstrained_ar,5798,1,0.6990250147038077,0.4999991151400017,0.0,1,0.0,1.0,0.0,1.5,0.0,1.5,0.0,1.0,74001.0,1.0,0.0,1.0,0.0,0.5,0.08471275894279906
unconstrained_ar,5384,2,0.7315887099247539,0.49999706265108784,0.0,1,0.0,1.0,0.0,1.5,0.0,1.5,0.0,1.0,88056.0,1.0,0.0,1.0,0.0,0.5,0.10080224188142206
unconstrained_ar,537,1,0.7060280473830445,0.4999988025009635,0.0,1,0.0,1.0,0.0,1.5,0.0,1.5,0.0,1.0,76944.0,1.0,0.0,1.0,0.0,0.5,0.08808176273421617
unconstrained_ar,3596,1,0.8116054125443933,0.49999743620855447,0.0,1,0.0,1.0,0.0,1.5,0.0,1.5,0.0,1.0,128257.0,1.0,0.0,1.0,0.0,0.5,0.1468223986665934
unconstrained_ar,3349,2,0.7509590687025073,0.49999925789292565,0.0,1,0.0,1.0,0.0,1.5,0.0,1.5,0.0,1.0,96928.0,1.0,0.0,1.0,0.0,0.5,0.11095847757202777
unconstrained_ar,4717,1,0.7508435957028449,0.4999986492360136,0.0,1,0.0,1.0,0.0,1.5,0.0,1.5,0.0,1.0,96874.0,1.0,0.0,1.0,0.0,0.5,0.11089666098869902
unconstrained_ar,5411,2,0.5325321351755609,0.4999994289932796,0.0,1,0.0,1.0,0.0,1.5,0.0,1.5,0.0,1.0,11444.0,1.0,0.0,1.0,0.0,0.5,0.013100536659523416
unconstrained_ar,5024,2,0.56688645021735,0.4999972150248373,0.0,1,0.0,1.0,0.0,1.5,0.0,1.5,0.0,1.0,23638.0,1.0,0.0,1.0,0.0,0.5,0.027059636976390643
unconstrained_ar,527,2,0.8333041569925249,0.4999977974334921,0.0,1,0.0,1.0,0.0,1.5,0.0,1.5,0.0,1.0,141320.0,1.0,0.0,1.0,0.0,0.5,0.16177628807443634
unconstrained_ar,2928,2,0.7997983174482696,0.4999971269837255,0.0,1,0.0,1.0,0.0,1.5,0.0,1.5,0.0,1.0,121632.0,1.0,0.0,1.0,0.0,0.5,0.13923841969338974
unconstrained_ar,5648,1,0.5491247401324733,0.499997154583207,0.0,1,0.0,1.0,0.0,1.5,0.0,1.5,0.0,1.0,17313.0,1.0,0.0,1.0,0.0,0.5,0.019819083466124512
unconstrained_ar,1843,2,0.5337706152206826,0.49999932843759015,0.0,1,0.0,1.0,0.0,1.5,0.0,1.5,0.0,1.0,11881.0,1.0,0.0,1.0,0.0,0.5,0.013600793083869077
unconstrained_ar,5355,2,0.5734788084417165,0.4999980450016341,0.0,1,0.0,1.0,0.0,1.5,0.0,1.5,0.0,1.0,26000.0,1.0,0.0,1.0,0.0,0.5,0.029763540121252083
unconstrained_ar,689,2,0.7266655373864861,0.4999995737565931,0.0,1,0.0,1.0,0.0,1.5,0.0,1.5,0.0,1.0,85866.0,1.0,0.0,1.0,0.0,0.5,0.09829523600197813
unconstrained_ar,4257,1,0.5534344191468958,0.4999970773249212,0.0,1,0.0,1.0,0.0,1.5,0.0,1.5,0.0,1.0,18843.0,1.0,0.0,1.0,0.0,0.5,0.021570553327105883
unconstrained_ar,1472,2,0.7761919946595718,0.49999858410147124,0.0,1,0.0,1.0,0.0,1.5,0.0,1.5,0.0,1.0,109212.0,1.0,0.0,1.0,0.0,0.5,0.12502060552777625
unconstrained_ar,4221,1,0.523957064134742,0.49999970937931776,0.0,1,0.0,1.0,0.0,1.5,0.0,1.5,0.0,1.0,8422.0,1.0,0.0,1.0,0.0,0.5,0.009641097496199425
unconstrained_ar,3033,2,0.5478462784269986,0.4999990014058723,0.0,1,0.0,1.0,0.0,1.5,0.0,1.5,0.0,1.0,16859.0,1.0,0.0,1.0,0.0,0.5,0.019299366265545726
unconstrained_ar,3398,2,0.5745592411130998,0.4999981299271597,0.0,1,0.0,1.0,0.0,1.5,0.0,1.5,0.0,1.0,26388.0,1.0,0.0,1.0,0.0,0.5,0.030207703719984616
unconstrained_ar,1009,2,0.9953244090256324,0.49999797573266225,0.0,1,0.0,1.0,0.0,1.5,0.0,1.5,0.0,1.0,470768.0,1.0,0.0,1.0,0.0,0.5,0.5389123944539077
unconstrained_ar,1157,1,0.5606386961768176,0.49999728780528035,0.0,1,0.0,1.0,0.0,1.5,0.0,1.5,0.0,1.0,21407.0,1.0,0.0,1.0,0.0,0.5,0.02450569628367859
unconstrained_ar,4571,2,0.5620061540131387,0.4999992401627433,0.0,1,0.0,1.0,0.0,1.5,0.0,1.5,0.0,1.0,21894.0,1.0,0.0,1.0,0.0,0.5,0.025063190285180503
unconstrained_ar,3251,1,0.7925632997001183,0.4999981339491455,0.0,1,0.0,1.0,0.0,1.5,0.0,1.5,0.0,1.0,117716.0,1.0,0.0,1.0,0.0,0.5,0.13475557265051194
unconstrained_ar,802,2,0.6941351019777312,0.4999997405400794,0.0,1,0.0,1.0,0.0,1.5,0.0,1.5,0.0,1.0,71969.0,1.0,0.0,1.0,0.0,0.5,0.0823866238071689
unconstrained_ar,680,1,0.5064306602604733,0.4999981218366686,0.0,1,0.0,1.0,0.0,1.5,0.0,1.5,0.0,1.0,2259.0,1.0,1.0,1.0,0.0,0.5,0.0025868164622536273
unconstrained_ar,1242,2,0.548001338591414,0.49999892551793623,0.0,1,0.0,1.0,0.0,1.5,0.0,1.5,0.0,1.0,16914.0,1.0,0.0,1.0,0.0,0.5,0.019362327600417607
unconstrained_ar,1855,1,0.5630298963209557,0.49999731504164796,0.0,1,0.0,1.0,0.0,1.5,0.0,1.5,0.0,1.0,22260.0,1.0,0.0,1.0,0.0,0.5,0.025482169349964282
unconstrained_ar,301,1,0.6878465507057464,0.4999984958089975,0.0,1,0.0,1.0,0.0,1.5,0.0,1.5,0.0,1.0,69383.0,1.0,0.0,1.0,0.0,0.5,0.07942629631664744
unconstrained_ar,4527,2,0.5206485845556575,0.49999829188116807,0.0,1,0.0,1.0,0.0,1.5,0.0,1.5,0.0,1.0,7258.0,1.0,0.0,1.0,0.0,0.5,0.008308606700001832
unconstrained_ar,2020,2,0.5069158466776799,0.4999985742379131,0.0,1,0.0,1.0,0.0,1.5,0.0,1.5,0.0,1.0,2430.0,1.0,0.0,1.0,0.0,0.5,0.0027817462497939445
unconstrained_ar,4432,2,0.7248067182494139,0.49999924630055764,0.0,1,0.0,1.0,0.0,1.5,0.0,1.5,0.0,1.0,85046.0,1.0,0.0,1.0,0.0,0.5,0.09735653973661557
unconstrained_ar,4534,2,0.7005313539985604,0.499998140835878,0.0,1,0.0,1.0,0.0,1.5,0.0,1.5,0.0,1.0,74631.0,1.0,0.0,1.0,0.0,0.5,0.08543395241496786
unconstrained_ar,4754,1,0.7202140241704996,0.4999971910595903,0.0,1,0.0,1.0,0.0,1.5,0.0,1.5,0.0,1.0,83035.0,1.0,0.0,1.0,0.0,0.5,0.09505444438339103
unconstrained_ar,3824,2,0.6583861506738461,0.49999813180260827,0.0,1,0.0,1.0,0.0,1.5,0.0,1.5,0.0,1.0,57619.0,1.0,0.0,1.0,0.0,0.5,0.06595943916332399
unconstrained_ar,3966,2,0.5415909438326743,0.4999987936827213,0.0,1,0.0,1.0,0.0,1.5,0.0,1.5,0.0,1.0,14644.0,1.0,0.0,1.0,0.0,0.5,0.016763741597523675
unconstrained_ar,1124,1,0.5915467751382817,0.49999880918084066,0.0,1,0.0,1.0,0.0,1.5,0.0,1.5,0.0,1.0,32525.0,1.0,0.0,1.0,0.0,0.5,0.037233043940143234
unconstrained_ar,915,2,0.6567509824882591,0.4999989203310994,0.0,1,0.0,1.0,0.0,1.5,0.0,1.5,0.0,1.0,56981.0,1.0,0.0,1.0,0.0,0.5,0.0652290876788102
unconstrained_ar,1927,2,0.8028621450395593,0.49999740411968446,0.0,1,0.0,1.0,0.0,1.5,0.0,1.5,0.0,1.0,123322.0,1.0,0.0,1.0,0.0,0.5,0.14117304980127113
unconstrained_ar,2848,1,0.5368516464005983,0.4999984996314483,0.0,1,0.0,1.0,0.0,1.5,0.0,1.5,0.0,1.0,12969.0,1.0,0.0,1.0,0.0,0.5,0.014846282762789164
unconstrained_ar,371,1,0.7977503171514165,0.49999727971087327,0.0,1,0.0,1.0,0.0,1.5,0.0,1.5,0.0,1.0,120513.0,1.0,0.0,1.0,0.0,0.5,0.1379574427166328
unconstrained_ar,618,1,0.6005982429488272,0.4999974532705841,0.0,1,0.0,1.0,0.0,1.5,0.0,1.5,0.0,1.0,35827.0,1.0,0.0,1.0,0.0,0.5,0.04101301353554224
unconstrained_ar,431,1,0.5461660378740126,0.49999761970149625,0.0,1,0.0,1.0,0.0,1.5,0.0,1.5,0.0,1.0,16264.0,1.0,0.0,1.0,0.0,0.5,0.018618239097386302
unconstrained_ar,1146,1,0.5244878471033321,0.499999390234366,0.0,1,0.0,1.0,0.0,1.5,0.0,1.5,0.0,1.0,8609.0,1.0,0.0,1.0,0.0,0.5,0.009855166034763815
unconstrained_ar,213,2,0.5200312323331822,0.49999767092703695,0.0,1,0.0,1.0,0.0,1.5,0.0,1.5,0.0,1.0,7041.0,1.0,0.0,1.0,0.0,0.5,0.008060195615143689
unconstrained_ar,3586,2,0.5596750345806182,0.4999987693316054,0.0,1,0.0,1.0,0.0,1.5,0.0,1.5,0.0,1.0,21063.0,1.0,0.0,1.0,0.0,0.5,0.024111901752843563
unconstrained_ar,1553,1,0.7833654109090661,0.4999976693991421,0.0,1,0.0,1.0,0.0,1.5,0.0,1.5,0.0,1.0,112881.0,1.0,0.0,1.0,0.0,0.5,0.12922069893950217
unconstrained_ar,3692,2,0.790975528812503,0.499998912219489,0.0,1,0.0,1.0,0.0,1.5,0.0,1.5,0.0,1.0,116870.0,1.0,0.0,1.0,0.0,0.5,0.13378711284502812
unconstrained_ar,292,2,0.5197319034804725,0.49999962838805095,0.0,1,0.0,1.0,0.0,1.5,0.0,1.5,0.0,1.0,6935.0,1.0,0.0,1.0,0.0,0.5,0.00793885195157243
unconstrained_ar,1656,1,0.8067865351578315,0.49999746804836753,0.0,1,0.0,1.0,0.0,1.5,0.0,1.5,0.0,1.0,125516.0,1.0,0.0,1.0,0.0,0.5,0.14368463468688755
unconstrained_ar,4955,2,0.5436653225816712,0.49999881579434907,0.0,1,0.0,1.0,0.0,1.5,0.0,1.5,0.0,1.0,15378.0,1.0,0.0,1.0,0.0,0.5,0.01760398923017748
unconstrained_ar,1889,2,0.6351122867310098,0.4999994891041766,0.0,1,0.0,1.0,0.0,1.5,0.0,1.5,0.0,1.0,48670.0,1.0,0.0,1.0,0.0,0.5,0.05571505760389765
unconstrained_ar,4490,1,0.7484694244973431,0.4999987541359074,0.0,1,0.0,1.0,0.0,1.5,0.0,1.5,0.0,1.0,95763.0,1.0,0.0,1.0,0.0,0.5,0.10962484202428704
unconstrained_ar,1256,1,0.5716730031368865,0.4999980956218559,0.0,1,0.0,1.0,0.0,1.5,0.0,1.5,0.0,1.0,25352.0,1.0,0.0,1.0,0.0,0.5,0.02902174112130703
unconstrained_ar,3473,1,0.5786141679015528,0.4999970301621146,0.0,1,0.0,1.0,0.0,1.5,0.0,1.5,0.0,1.0,27847.0,1.0,0.0,1.0,0.0,0.5,0.031877896221404106
unconstrained_ar,3964,1,0.5660279453889642,0.4999972369352711,0.0,1,0.0,1.0,0.0,1.5,0.0,1.5,0.0,1.0,23331.0,1.0,0.0,1.0,0.0,0.5,0.026708198252651246
unconstrained_ar,3635,1,0.9164967200512855,0.4999978796608382,0.0,1,0.0,1.0,0.0,1.5,0.0,1.5,0.0,1.0,210384.0,1.0,0.0,1.0,0.0,0.5,0.24083740864882686
unconstrained_ar,601,1,0.5513372696923529,0.49999751123880026,0.0,1,0.0,1.0,0.0,1.5,0.0,1.5,0.0,1.0,18098.0,1.0,0.0,1.0,0.0,0.5,0.0207177134274777
unconstrained_ar,5739,2,0.7306427105466219,0.49999821835947894,0.0,1,0.0,1.0,0.0,1.5,0.0,1.5,0.0,1.0,87633.0,1.0,0.0,1.0,0.0,0.5,0.10031801197868015
unconstrained_ar,657,2,0.52620866204027,0.4999994828327621,0.0,1,0.0,1.0,0.0,1.5,0.0,1.5,0.0,1.0,9215.0,1.0,0.0,1.0,0.0,0.5,0.010548885469897613
unconstrained_ar,4090,2,0.533747572820071,0.499998954877917,0.0,1,0.0,1.0,0.0,1.5,0.0,1.5,0.0,1.0,11873.0,1.0,0.0,1.0,0.0,0.5,0.013591635071524076
unconstrained_ar,975,1,0.5783658723214555,0.4999986729159631,0.0,1,0.0,1.0,0.0,1.5,0.0,1.5,0.0,1.0,27757.0,1.0,0.0,1.0,0.0,0.5,0.03177486858252285
unconstrained_ar,4517,1,0.5695498277769387,0.4999981221217555,0.0,1,0.0,1.0,0.0,1.5,0.0,1.5,0.0,1.0,24591.0,1.0,0.0,1.0,0.0,0.5,0.028150585196988844
unconstrained_ar,1676,2,0.8130910392577859,0.4999970243834449,0.0,1,0.0,1.0,0.0,1.5,0.0,1.5,0.0,1.0,129113.0,1.0,0.0,1.0,0.0,0.5,0.14780230598750846
unconstrained_ar,498,1,0.5694378121881016,0.4999977718676296,0.0,1,0.0,1.0,0.0,1.5,0.0,1.5,0.0,1.0,24551.0,1.0,0.0,1.0,0.0,0.5,0.028104795135263844
unconstrained_ar,4028,2,0.651074130062587,0.49999922923364337,0.0,1,0.0,1.0,0.0,1.5,0.0,1.5,0.0,1.0,54778.0,1.0,0.0,1.0,0.0,0.5,0.06270720002930565
unconstrained_ar,2509,2,0.7197838954201733,0.4999989959927278,0.0,1,0.0,1.0,0.0,1.5,0.0,1.5,0.0,1.0,82847.0,1.0,0.0,1.0,0.0,0.5,0.09483923109328352
unconstrained_ar,786,2,0.577492171240085,0.4999971133176913,0.0,1,0.0,1.0,0.0,1.5,0.0,1.5,0.0,1.0,27443.0,1.0,0.0,1.0,0.0,0.5,0.031415416597981576
unconstrained_ar,4006,2,0.8262813404385752,0.4999973472994276,0.0,1,0.0,1.0,0.0,1.5,0.0,1.5,0.0,1.0,136953.0,1.0,0.0,1.0,0.0,0.5,0.1567771580856091
unconstrained_ar,88,2,0.5361064750318862,0.49999804769749434,0.0,1,0.0,1.0,0.0,1.5,0.0,1.5,0.0,1.0,12706.0,1.0,0.0,1.0,0.0,0.5,0.014545213106947268
unconstrained_ar,4505,2,0.7824331504907969,0.4999985938955456,0.0,1,0.0,1.0,0.0,1.5,0.0,1.5,0.0,1.0,112399.0,1.0,0.0,1.0,0.0,0.5,0.1286689286957159
unconstrained_ar,3313,1,0.5419583877234049,0.4999987371200601,0.0,1,0.0,1.0,0.0,1.5,0.0,1.5,0.0,1.0,14774.0,1.0,0.0,1.0,0.0,0.5,0.016912559298129935
unconstrained_ar,5820,2,0.6992011826135116,0.4999978230521201,0.0,1,0.0,1.0,0.0,1.5,0.0,1.5,0.0,1.0,74075.0,1.0,0.0,1.0,0.0,0.5,0.08479747055699031
unconstrained_ar,1452,1,0.6036611436687416,0.49999961527491715,0.0,1,0.0,1.0,0.0,1.5,0.0,1.5,0.0,1.0,36949.0,1.0,0.0,1.0,0.0,0.5,0.04229742476692858
unconstrained_ar,335,2,0.8227916786475582,0.4999994116515545,0.0,1,0.0,1.0,0.0,1.5,0.0,1.5,0.0,1.0,134834.0,1.0,0.0,1.0,0.0,0.5,0.15435142956572706
unconstrained_ar,753,2,0.5305031542782076,0.49999780995164855,0.0,1,0.0,1.0,0.0,1.5,0.0,1.5,0.0,1.0,10729.0,1.0,0.0,1.0,0.0,0.5,0.012282039306188985
unconstrained_ar,3585,2,0.5240709304030496,0.4999979855141023,0.0,1,0.0,1.0,0.0,1.5,0.0,1.5,0.0,1.0,8462.0,1.0,1.0,1.0,0.0,0.5,0.0096877102842585
unconstrained_ar,445,1,0.7628536488806508,0.4999988656484242,0.0,1,0.0,1.0,0.0,1.5,0.0,1.5,0.0,1.0,102606.0,1.0,0.0,1.0,0.0,0.5,0.11745837683389197
unconstrained_ar,5584,1,0.5449576471604157,0.49999753900714144,0.0,1,0.0,1.0,0.0,1.5,0.0,1.5,0.0,1.0,15836.0,1.0,0.0,1.0,0.0,0.5,0.01812828543692877
unconstrained_ar,1934,2,0.582284371701255,0.49999848312690326,0.0,1,0.0,1.0,0.0,1.5,0.0,1.5,0.0,1.0,29170.0,1.0,0.0,1.0,0.0,0.5,0.03339240251295859
unconstrained_ar,969,1,0.5979526452596706,0.4999989697212317,0.0,1,0.0,1.0,0.0,1.5,0.0,1.5,0.0,1.0,34859.0,1.0,0.0,1.0,0.0,0.5,0.039904894041797166
unconstrained_ar,1558,1,0.9076342191136418,0.49999903568797127,0.0,1,0.0,1.0,0.0,1.5,0.0,1.5,0.0,1.0,200672.0,1.0,0.0,1.0,0.0,0.5,0.22971958166199608
unconstrained_ar,3430,1,0.5498076217175599,0.4999978615688174,0.0,1,0.0,1.0,0.0,1.5,0.0,1.5,0.0,1.0,17555.0,1.0,0.0,1.0,0.0,0.5,0.02009611333956078
unconstrained_ar,4384,2,0.7206502247548526,0.49999773444985574,0.0,1,0.0,1.0,0.0,1.5,0.0,1.5,0.0,1.0,83225.0,1.0,0.0,1.0,0.0,0.5,0.0952719471765848
unconstrained_ar,1854,1,0.6822084356187689,0.4999990520539278,0.0,1,0.0,1.0,0.0,1.5,0.0,1.5,0.0,1.0,67088.0,1.0,0.0,1.0,0.0,0.5,0.07679909152517538
unconstrained_ar,5720,1,0.5291481844140745,0.49999876899814993,0.0,1,0.0,1.0,0.0,1.5,0.0,1.5,0.0,1.0,10251.0,1.0,0.0,1.0,0.0,0.5,0.011734848068575197
unconstrained_ar,2332,2,0.5219910680628707,0.4999995339067215,0.0,1,0.0,1.0,0.0,1.5,0.0,1.5,0.0,1.0,7730.0,1.0,0.0,1.0,0.0,0.5,0.00884892942835687
unconstrained_ar,3136,2,0.7147931290950075,0.49999804071850645,0.0,1,0.0,1.0,0.0,1.5,0.0,1.5,0.0,1.0,80686.0,1.0,0.0,1.0,0.0,0.5,0.09236542300859021
unconstrained_ar,1347,2,0.5442951190070038,0.499998687622361,0.0,1,0.0,1.0,0.0,1.5,0.0,1.5,0.0,1.0,15601.0,1.0,0.0,1.0,0.0,0.5,0.017859268824294377
unconstrained_ar,3530,2,0.6360150456184476,0.49999742459321006,0.0,1,0.0,1.0,0.0,1.5,0.0,1.5,0.0,1.0,49013.0,1.0,0.0,1.0,0.0,0.5,0.05610770738318955
unconstrained_ar,4192,1,0.5230755144223236,0.4999987117323745,0.0,1,0.0,1.0,0.0,1.5,0.0,1.5,0.0,1.0,8112.0,1.0,0.0,1.0,0.0,0.5,0.00928622451783065
unconstrained_ar,891,2,0.7952381298686475,0.49999707727084974,0.0,1,0.0,1.0,0.0,1.5,0.0,1.5,0.0,1.0,119152.0,1.0,0.0,1.0,0.0,0.5,0.13639943586643954
unconstrained_ar,4814,1,0.5039317414479312,0.4999975508459961,0.0,1,0.0,1.0,0.0,1.5,0.0,1.5,0.0,1.0,1382.0,1.0,0.0,1.0,0.0,0.5,0.0015820466325988608
unconstrained_ar,3729,1,0.5171045385051088,0.49999912655805334,0.0,1,0.0,1.0,0.0,1.5,0.0,1.5,0.0,1.0,6011.0,1.0,0.0,1.0,0.0,0.5,0.006881101525724857
unconstrained_ar,5733,2,0.5069204883303225,0.4999975231879629,0.0,1,0.0,1.0,0.0,1.5,0.0,1.5,0.0,1.0,2432.0,1.0,0.0,1.0,0.0,0.5,0.002784035752880195
unconstrained_ar,4859,1,0.8089590043813647,0.49999793014014016,0.0,1,0.0,1.0,0.0,1.5,0.0,1.5,0.0,1.0,126745.0,1.0,0.0,1.0,0.0,0.5,0.14509153433338828
unconstrained_ar,4714,2,0.5205026926804505,0.49999733910870126,0.0,1,0.0,1.0,0.0,1.5,0.0,1.5,0.0,1.0,7207.0,1.0,0.0,1.0,0.0,0.5,0.008250224371302453
unconstrained_ar,1902,1,0.5056752706395565,0.4999990037762419,0.0,1,0.0,1.0,0.0,1.5,0.0,1.5,0.0,1.0,1994.0,1.0,0.0,1.0,0.0,0.5,0.00228263457699141
unconstrained_ar,2524,2,0.7045685464320841,0.4999969741278588,0.0,1,0.0,1.0,0.0,1.5,0.0,1.5,0.0,1.0,76328.0,1.0,0.0,1.0,0.0,0.5,0.08737659578365112
unconstrained_ar,5003,2,0.5994266412242188,0.4999982968251783,0.0,1,0.0,1.0,0.0,1.5,0.0,1.5,0.0,1.0,35398.0,1.0,0.0,1.0,0.0,0.5,0.040521915123541585
unconstrained_ar,1374,1,0.5646238865360264,0.49999788512995125,0.0,1,0.0,1.0,0.0,1.5,0.0,1.5,0.0,1.0,22829.0,1.0,0.0,1.0,0.0,0.5,0.026133532978002454
unconstrained_ar,1672,2,0.5550091993949461,0.49999924000394,0.0,1,0.0,1.0,0.0,1.5,0.0,1.5,0.0,1.0,19402.0,1.0,0.0,1.0,0.0,0.5,0.022210469439712804
unconstrained_ar,3417,1,0.5848344848820749,0.4999971248520108,0.0,1,0.0,1.0,0.0,1.5,0.0,1.5,0.0,1.0,30092.0,1.0,0.0,1.0,0.0,0.5,0.034447863435719914
unconstrained_ar,5343,2,0.5919514496718757,0.49999910561104316,0.0,1,0.0,1.0,0.0,1.5,0.0,1.5,0.0,1.0,32672.0,1.0,0.0,1.0,0.0,0.5,0.037401322416982616
unconstrained_ar,651,2,0.5884165138442751,0.4999977230689547,0.0,1,0.0,1.0,0.0,1.5,0.0,1.5,0.0,1.0,31389.0,1.0,0.0,1.0,0.0,0.5,0.03593260618715314
unconstrained_ar,5598,2,0.5318677703223885,0.49999844740428434,0.0,1,0.0,1.0,0.0,1.5,0.0,1.5,0.0,1.0,11210.0,1.0,0.0,1.0,0.0,0.5,0.012832664798432149
unconstrained_ar,5891,1,0.7466682413062711,0.49999817814829445,0.0,1,0.0,1.0,0.0,1.5,0.0,1.5,0.0,1.0,94925.0,1.0,0.0,1.0,0.0,0.5,0.10866554023114823
unconstrained_ar,4335,2,0.5269685391285476,0.4999985737100555,0.0,1,0.0,1.0,0.0,1.5,0.0,1.5,0.0,1.0,9483.0,1.0,0.0,1.0,0.0,0.5,0.010855678883455134
unconstrained_ar,4891,1,0.8263356764480554,0.4999980500698741,0.0,1,0.0,1.0,0.0,1.5,0.0,1.5,0.0,1.0,136986.0,1.0,0.0,1.0,0.0,0.5,0.15681493488653223
unconstrained_ar,1772,2,0.5602842301473071,0.4999991047702271,0.0,1,0.0,1.0,0.0,1.5,0.0,1.5,0.0,1.0,21280.0,1.0,0.0,1.0,0.0,0.5,0.024360312837701705
unconstrained_ar,5433,2,0.6359363425000236,0.49999783979056417,0.0,1,0.0,1.0,0.0,1.5,0.0,1.5,0.0,1.0,48983.0,1.0,0.0,1.0,0.0,0.5,0.0560733648368958
unconstrained_ar,5115,2,0.757735916823093,0.4999985161527379,0.0,1,0.0,1.0,0.0,1.5,0.0,1.5,0.0,1.0,100140.0,1.0,0.0,1.0,0.0,0.5,0.11463541952854553
unconstrained_ar,1941,1,0.6315899613931595,0.4999993443949816,0.0,1,0.0,1.0,0.0,1.5,0.0,1.5,0.0,1.0,47338.0,1.0,0.0,1.0,0.0,0.5,0.05419024854845504
unconstrained_ar,4373,2,0.5607128328068226,0.49999851581547744,0.0,1,0.0,1.0,0.0,1.5,0.0,1.5,0.0,1.0,21433.0,1.0,0.0,1.0,0.0,0.5,0.024535459823799843
unconstrained_ar,3504,1,0.501062950857881,0.49999825087107247,0.0,1,0.0,1.0,0.0,1.5,0.0,1.5,0.0,1.0,374.0,1.0,0.0,1.0,0.0,0.5,0.00042813707712877996
unconstrained_ar,3615,2,0.5482525105776302,0.4999990815137593,0.0,1,0.0,1.0,0.0,1.5,0.0,1.5,0.0,1.0,17003.0,1.0,0.0,1.0,0.0,0.5,0.019464210487755738
unconstrained_ar,4676,2,0.5031962314673247,0.49999932344479076,0.0,1,0.0,1.0,0.0,1.5,0.0,1.5,0.0,1.0,1123.0,1.0,0.0,1.0,0.0,0.5,0.001285555982929465
unconstrained_ar,3954,1,0.5069312394666552,0.4999997360004457,0.0,1,0.0,1.0,0.0,1.5,0.0,1.5,0.0,1.0,2435.0,1.0,0.0,1.0,0.0,0.5,0.00278747000750957
unconstrained_ar,4623,2,0.65094051861968,0.49999739410051747,0.0,1,0.0,1.0,0.0,1.5,0.0,1.5,0.0,1.0,54727.0,1.0,0.0,1.0,0.0,0.5,0.06264881770060626
unconstrained_ar,474,2,0.5771694317797719,0.499999539754693,0.0,1,0.0,1.0,0.0,1.5,0.0,1.5,0.0,1.0,27326.0,1.0,0.0,1.0,0.0,0.5,0.03128148066743594
unconstrained_ar,2564,1,0.5528526284035784,0.4999979256692347,0.0,1,0.0,1.0,0.0,1.5,0.0,1.5,0.0,1.0,18636.0,1.0,0.0,1.0,0.0,0.5,0.021333589757678992
unconstrained_ar,5385,2,0.6642162983474348,0.49999786402022445,0.0,1,0.0,1.0,0.0,1.5,0.0,1.5,0.0,1.0,59905.0,1.0,0.0,1.0,0.0,0.5,0.06857634119090793
unconstrained_ar,4870,1,0.5068267383783921,0.49999769977273395,0.0,1,0.0,1.0,0.0,1.5,0.0,1.5,0.0,1.0,2399.0,1.0,0.0,1.0,0.0,0.5,0.002746258951957067
unconstrained_ar,5322,2,0.8020201634543612,0.4999990552643912,0.0,1,0.0,1.0,0.0,1.5,0.0,1.5,0.0,1.0,122855.0,1.0,0.0,1.0,0.0,0.5,0.14063845083063173
unconstrained_ar,3327,1,0.5691260927326351,0.4999987913571766,0.0,1,0.0,1.0,0.0,1.5,0.0,1.5,0.0,1.0,24439.0,1.0,0.0,1.0,0.0,0.5,0.027976582962433834
unconstrained_ar,4984,2,0.7857825486160186,0.49999739815112687,0.0,1,0.0,1.0,0.0,1.5,0.0,1.5,0.0,1.0,114137.0,1.0,0.0,1.0,0.0,0.5,0.13065850687766728
unconstrained_ar,4911,2,0.5159420193508353,0.49999967536787543,0.0,1,0.0,1.0,0.0,1.5,0.0,1.5,0.0,1.0,5602.0,1.0,0.0,1.0,0.0,0.5,0.006412898144586699
unconstrained_ar,403,2,0.7535218737250702,0.49999805685112836,0.0,1,0.0,1.0,0.0,1.5,0.0,1.5,0.0,1.0,98136.0,1.0,0.0,1.0,0.0,0.5,0.11234133743612286
unconstrained_ar,3200,1,0.5991808653700643,0.4999986398558723,0.0,1,0.0,1.0,0.0,1.5,0.0,1.5,0.0,1.0,35308.0,1.0,0.0,1.0,0.0,0.5,0.040418887484660326
unconstrained_ar,5119,1,0.7338431621719353,0.49999968989347415,0.0,1,0.0,1.0,0.0,1.5,0.0,1.5,0.0,1.0,89066.0,1.0,0.0,1.0,0.0,0.5,0.10195844093997838
unconstrained_ar,3201,1,0.796777006678764,0.4999978117482285,0.0,1,0.0,1.0,0.0,1.5,0.0,1.5,0.0,1.0,119984.0,1.0,0.0,1.0,0.0,0.5,0.1373518691503196
unconstrained_ar,515,1,0.5845757184941354,0.49999831126571237,0.0,1,0.0,1.0,0.0,1.5,0.0,1.5,0.0,1.0,29998.0,1.0,0.0,1.0,0.0,0.5,0.03434025679066616
unconstrained_ar,3338,2,0.7009881482457421,0.4999989952150382,0.0,1,0.0,1.0,0.0,1.5,0.0,1.5,0.0,1.0,74822.0,1.0,0.0,1.0,0.0,0.5,0.08565259995970474
unconstrained_ar,1175,1,0.5081262047283158,0.4999993186336615,0.0,1,0.0,1.0,0.0,1.5,0.0,1.5,0.0,1.0,2855.0,1.0,0.0,1.0,0.0,0.5,0.0032682656556221037
unconstrained_ar,15,2,0.7106408873012436,0.49999826102575723,0.0,1,0.0,1.0,0.0,1.5,0.0,1.5,0.0,1.0,78905.0,1.0,0.0,1.0,0.0,0.5,0.09032662051028445
unconstrained_ar,5254,1,0.8186434918702441,0.4999969542448288,0.0,1,0.0,1.0,0.0,1.5,0.0,1.5,0.0,1.0,132359.0,1.0,0.0,1.0,0.0,0.5,0.1515181694964925
unconstrained_ar,1485,1,0.8062964438323896,0.49999794321191904,0.0,1,0.0,1.0,0.0,1.5,0.0,1.5,0.0,1.0,125240.0,1.0,0.0,1.0,0.0,0.5,0.14336868326098504
unconstrained_ar,1426,2,0.7489427391423906,0.49999853417992096,0.0,1,0.0,1.0,0.0,1.5,0.0,1.5,0.0,1.0,95984.0,1.0,0.0,1.0,0.0,0.5,0.1098778321153177
fcar,5585,2,0.7892827152556142,0.49999752296133737,0.0,1,0.0,1.0,0.0,1.5,0.0,1.5,0.0,1.0,115974.0,0.5000004192425249,0.0,0.9999995807574751,0.0,0.5,0.06638076339042505
fcar,3410,2,0.7275082547502965,0.49999944265670837,0.0,1,0.0,1.0,0.0,1.5,0.0,1.5,0.0,1.0,86239.0,0.5000004192425249,0.0,0.9999995807574751,0.0,0.5,0.049361155552338165
fcar,4464,2,0.5356336183084405,0.499998159604387,0.0,1,0.0,1.0,0.0,1.5,0.0,1.5,0.0,1.0,12539.0,0.5000004192425249,0.0,0.9999995807574751,0.0,0.5,0.007177025817446494
fcar,2083,2,0.5224532865408421,0.4999986395480222,0.0,1,0.0,1.0,0.0,1.5,0.0,1.5,0.0,1.0,7893.0,0.5000004192425249,0.0,0.9999995807574751,0.0,0.5,0.004517765753018995
fcar,2624,1,0.5837741373168857,0.49999821847059434,0.0,1,0.0,1.0,0.0,1.5,0.0,1.5,0.0,1.0,0.0,1.0,42680.0,0.5,0.0,0.5,0.017556979969081943
fcar,5234,2,0.7246929891960457,0.4999990595448691,0.0,1,0.0,1.0,0.0,1.5,0.0,1.5,0.0,1.0,84996.0,0.5000004192425249,0.0,0.9999995807574751,0.0,0.5,0.04864969187173476
fcar,92,2,0.5008084553375147,0.49999711927035195,0.0,1,0.0,1.0,0.0,1.5,0.0,1.5,0.0,1.0,285.0,0.5000004192425249,0.0,0.9999995807574751,0.0,0.5,0.00016312723167495423
fcar,937,1,0.5868244168024275,0.49999916052502735,0.0,1,0.0,1.0,0.0,1.5,0.0,1.5,0.0,1.0,0.0,1.0,44265.0,0.5,0.0,0.5,0.018208990588833466
fcar,3648,2,0.7091607444455389,0.4999977873073893,0.0,1,0.0,1.0,0.0,1.5,0.0,1.5,0.0,1.0,78274.0,0.5000004192425249,0.0,0.9999995807574751,0.0,0.5,0.04480217870921181
fcar,4473,1,0.7758148756368705,0.4999993895346349,0.0,1,0.0,1.0,0.0,1.5,0.0,1.5,0.0,1.0,0.0,1.0,156624.0,0.5,0.0,0.5,0.06442934467379312
fcar,4003,2,0.5057612075977013,0.49999954810531816,0.0,1,0.0,1.0,0.0,1.5,0.0,1.5,0.0,1.0,2024.0,0.5000004192425249,0.0,0.9999995807574751,0.0,0.5,0.0011584895330179203
fcar,2136,1,0.6049283295475227,0.4999994554185791,0.0,1,0.0,1.0,0.0,1.5,0.0,1.5,0.0,1.0,0.0,1.0,53751.0,0.5,0.0,0.5,0.02211118159133373
fcar,4000,1,0.5724976392323787,0.4999993582980218,0.0,1,0.0,1.0,0.0,1.5,0.0,1.5,0.0,1.0,0.0,1.0,36846.0,0.5,0.0,0.5,0.015157087252595907
fcar,1754,1,0.7408504140855737,0.4999989940917766,0.0,1,0.0,1.0,0.0,1.5,0.0,1.5,0.0,1.0,0.0,1.0,132521.0,0.5,0.0,0.5,0.05451425825873262
fcar,529,1,0.5472934287647103,0.4999984821508744,0.0,1,0.0,1.0,0.0,1.5,0.0,1.5,0.0,1.0,0.0,1.0,23939.0,0.5,0.0,0.5,0.00984762285566665
fcar,5821,1,0.5838901596292247,0.4999987026020433,0.0,1,0.0,1.0,0.0,1.5,0.0,1.5,0.0,1.0,0.0,1.0,42740.0,0.5,0.0,0.5,0.017581661759104084
fcar,4554,1,0.7690980522150676,0.49999841341023477,0.0,1,0.0,1.0,0.0,1.5,0.0,1.5,0.0,1.0,0.0,1.0,151803.0,0.5,0.0,0.5,0.06244616284551421
fcar,3567,2,0.5354027267986453,0.49999953431173744,0.0,1,0.0,1.0,0.0,1.5,0.0,1.5,0.0,1.0,12457.0,0.5000004192425249,0.0,0.9999995807574751,0.0,0.5,0.007130090964824226
fcar,2350,2,0.5128380848545608,0.49999901184887086,0.0,1,0.0,1.0,0.0,1.5,0.0,1.5,0.0,1.0,4511.0,0.5000004192425249,0.0,0.9999995807574751,0.0,0.5,0.002581989270476205
fcar,122,2,0.6499321284841907,0.4999988839370119,0.0,1,0.0,1.0,0.0,1.5,0.0,1.5,0.0,1.0,54337.0,0.5000004192425249,0.0,0.9999995807574751,0.0,0.5,0.03110120837727013
fcar,4501,2,0.5357510488319255,0.4999994729690737,0.0,1,0.0,1.0,0.0,1.5,0.0,1.5,0.0,1.0,12580.0,0.5000004192425249,0.0,0.9999995807574751,0.0,0.5,0.007200493243757628
fcar,4997,1,0.7753147492500968,0.49999840874283324,0.0,1,0.0,1.0,0.0,1.5,0.0,1.5,0.0,1.0,0.0,1.0,156262.0,0.5,0.0,0.5,0.06428043120732621
fcar,5753,1,0.5524740610692268,0.4999979275672012,0.0,1,0.0,1.0,0.0,1.5,0.0,1.5,0.0,1.0,0.0,1.0,26580.0,0.5,0.0,0.5,0.010934032979807828
fcar,1277,2,0.6216040359225876,0.49999870598079543,0.0,1,0.0,1.0,0.0,1.5,0.0,1.5,0.0,1.0,43590.0,0.5000004192425249,0.0,0.9999995807574751,0.0,0.5,0.02494988080249563
fcar,3030,1,0.5775254901235688,0.49999887506705953,0.0,1,0.0,1.0,0.0,1.5,0.0,1.5,0.0,1.0,0.0,1.0,39442.0,0.5,0.0,0.5,0.016224986034220477
fcar,3802,1,0.5548542686096415,0.49999827323222523,0.0,1,0.0,1.0,0.0,1.5,0.0,1.5,0.0,1.0,0.0,1.0,27795.0,0.5,0.0,0.5,0.011433839227756154
fcar,3733,2,0.5035834469267807,0.4999993925085424,0.0,1,0.0,1.0,0.0,1.5,0.0,1.5,0.0,1.0,1259.0,0.5000004192425249,0.0,0.9999995807574751,0.0,0.5,0.0007206217006272539
fcar,3853,2,0.6742069495093036,0.49999953915648765,0.0,1,0.0,1.0,0.0,1.5,0.0,1.5,0.0,1.0,63868.0,0.5000004192425249,0.0,0.9999995807574751,0.0,0.5,0.036556526430231495
fcar,3408,2,0.6949279576564021,0.4999974224458757,0.0,1,0.0,1.0,0.0,1.5,0.0,1.5,0.0,1.0,72298.0,0.5000004192425249,0.0,0.9999995807574751,0.0,0.5,0.041381658230301196
fcar,3047,1,0.7985973476814849,0.49999914792689626,0.0,1,0.0,1.0,0.0,1.5,0.0,1.5,0.0,1.0,0.0,1.0,173796.0,0.5,0.0,0.5,0.07149327297812946
fcar,781,2,0.8683565720211283,0.4999977238233812,0.0,1,0.0,1.0,0.0,1.5,0.0,1.5,0.0,1.0,165670.0,0.5000004192425249,0.0,0.9999995807574751,0.0,0.5,0.09482557358452515
fcar,5027,1,0.6044012511270265,0.4999990983431743,0.0,1,0.0,1.0,0.0,1.5,0.0,1.5,0.0,1.0,0.0,1.0,53473.0,0.5,0.0,0.5,0.021996822630897816
fcar,3786,1,0.5844485649453482,0.49999873891270297,0.0,1,0.0,1.0,0.0,1.5,0.0,1.5,0.0,1.0,0.0,1.0,43030.0,0.5,0.0,0.5,0.017700957077544426
fcar,1560,1,0.5122007410654065,0.49999868828528465,0.0,1,0.0,1.0,0.0,1.5,0.0,1.5,0.0,1.0,0.0,1.0,6159.0,0.5,0.0,0.5,0.0025335857457726265
fcar,900,2,0.7555845560206436,0.49999826180037354,0.0,1,0.0,1.0,0.0,1.5,0.0,1.5,0.0,1.0,99114.0,0.5000004192425249,0.0,0.9999995807574751,0.0,0.5,0.05673049979028566
fcar,3627,1,0.5376950445873779,0.4999980248648133,0.0,1,0.0,1.0,0.0,1.5,0.0,1.5,0.0,1.0,0.0,1.0,19060.0,0.5,0.0,0.5,0.007840581963699668
fcar,3533,2,0.7597810651031397,0.49999906883557915,0.0,1,0.0,1.0,0.0,1.5,0.0,1.5,0.0,1.0,101121.0,0.5000004192425249,0.0,0.9999995807574751,0.0,0.5,0.05787925892702823
fcar,5742,2,0.682462244212806,0.4999985704215604,0.0,1,0.0,1.0,0.0,1.5,0.0,1.5,0.0,1.0,67191.0,0.5000004192425249,0.0,0.9999995807574751,0.0,0.5,0.03845853271393631
fcar,130,1,0.7096119935691785,0.4999989100983022,0.0,1,0.0,1.0,0.0,1.5,0.0,1.5,0.0,1.0,0.0,1.0,112727.0,0.5,0.0,0.5,0.04637173573042878
fcar,1945,1,0.5408656083106511,0.49999796520826917,0.0,1,0.0,1.0,0.0,1.5,0.0,1.5,0.0,1.0,0.0,1.0,20670.0,0.5,0.0,0.5,0.008502876662627081
fcar,262,1,0.5380293168654551,0.49999934005282776,0.0,1,0.0,1.0,0.0,1.5,0.0,1.5,0.0,1.0,0.0,1.0,19229.0,0.5,0.0,0.5,0.007910102338928695
fcar,4734,2,0.5180957325054778,0.4999980188611305,0.0,1,0.0,1.0,0.0,1.5,0.0,1.5,0.0,1.0,6360.0,0.5000004192425249,0.0,0.9999995807574751,0.0,0.5,0.0036403129594831884
fcar,3805,2,0.7032740131661485,0.49999849977697824,0.0,1,0.0,1.0,0.0,1.5,0.0,1.5,0.0,1.0,75782.0,0.5000004192425249,0.0,0.9999995807574751,0.0,0.5,0.043375817090496066
fcar,4690,2,0.6371687742823929,0.4999973035835105,0.0,1,0.0,1.0,0.0,1.5,0.0,1.5,0.0,1.0,49451.0,0.5000004192425249,0.0,0.9999995807574751,0.0,0.5,0.028304578012484774
fcar,4415,1,0.5228835160852444,0.4999985361824169,0.0,1,0.0,1.0,0.0,1.5,0.0,1.5,0.0,1.0,0.0,1.0,11557.0,0.5,0.0,0.5,0.004754124121431116
fcar,1650,1,0.5079095327680894,0.4999977929690314,0.0,1,0.0,1.0,0.0,1.5,0.0,1.5,0.0,1.0,0.0,1.0,3993.0,0.5,0.0,0.5,0.001642573125973388
fcar,1785,1,0.5489763677901912,0.49999896254319853,0.0,1,0.0,1.0,0.0,1.5,0.0,1.5,0.0,1.0,0.0,1.0,24796.0,0.5,0.0,0.5,0.010200161089816211
fcar,2294,2,0.5364587122321353,0.4999991468432891,0.0,1,0.0,1.0,0.0,1.5,0.0,1.5,0.0,1.0,12830.0,0.5000004192425249,0.0,0.9999995807574751,0.0,0.5,0.007343587306630395
fcar,5366,1,0.5235788354399606,0.49999784810242376,0.0,1,0.0,1.0,0.0,1.5,0.0,1.5,0.0,1.0,0.0,1.0,11909.0,0.5,0.0,0.5,0.004898923956227668
fcar,3912,1,0.5558316454401021,0.4999989708619356,0.0,1,0.0,1.0,0.0,1.5,0.0,1.5,0.0,1.0,0.0,1.0,28294.0,0.5,0.0,0.5,0.011639109448106947
fcar,1064,1,0.5592752405950743,0.4999992789869576,0.0,1,0.0,1.0,0.0,1.5,0.0,1.5,0.0,1.0,0.0,1.0,30055.0,0.5,0.0,0.5,0.012363519985256744
fcar,2131,2,0.5012732918532727,0.4999979301365456,0.0,1,0.0,1.0,0.0,1.5,0.0,1.5,0.0,1.0,448.0,0.5000004192425249,0.0,0.9999995807574751,0.0,0.5,0.0002564245606679982
fcar,5573,1,0.5359357354702002,0.4999986637205767,0.0,1,0.0,1.0,0.0,1.5,0.0,1.5,0.0,1.0,0.0,1.0,18167.0,0.5,0.0,0.5,0.007473234655536825
fcar,2156,1,0.6254840964475191,0.4999996288836236,0.0,1,0.0,1.0,0.0,1.5,0.0,1.5,0.0,1.0,0.0,1.0,64708.0,0.5,0.0,0.5,0.02661848781254345
fcar,3917,1,0.7203700394371444,0.4999990662014737,0.0,1,0.0,1.0,0.0,1.5,0.0,1.5,0.0,1.0,0.0,1.0,119388.0,0.5,0.0,0.5,0.04911182578605331
fcar,5494,2,0.6089996093367156,0.4999970592873854,0.0,1,0.0,1.0,0.0,1.5,0.0,1.5,0.0,1.0,38914.0,0.5000004192425249,0.0,0.9999995807574751,0.0,0.5,0.022273449450523397
fcar,5440,2,0.5067349269997837,0.49999696896701173,0.0,1,0.0,1.0,0.0,1.5,0.0,1.5,0.0,1.0,2367.0,0.5000004192425249,0.0,0.9999995807574751,0.0,0.5,0.0013548145872793566
fcar,3766,2,0.700720801326256,0.4999990462121643,0.0,1,0.0,1.0,0.0,1.5,0.0,1.5,0.0,1.0,74710.0,0.5000004192425249,0.0,0.9999995807574751,0.0,0.5,0.042762229748897644
fcar,3352,2,0.7291744689221232,0.499998110899774,0.0,1,0.0,1.0,0.0,1.5,0.0,1.5,0.0,1.0,86979.0,0.5000004192425249,0.0,0.9999995807574751,0.0,0.5,0.04978471397844155
fcar,3689,2,0.5181309225132897,0.4999990935636919,0.0,1,0.0,1.0,0.0,1.5,0.0,1.5,0.0,1.0,6372.0,0.5000004192425249,0.0,0.9999995807574751,0.0,0.5,0.0036471814745010814
fcar,4482,1,0.639988350806981,0.49999828910355143,0.0,1,0.0,1.0,0.0,1.5,0.0,1.5,0.0,1.0,0.0,1.0,72584.0,0.5,0.0,0.5,0.029858384116116302
fcar,2385,1,0.7863450197063093,0.4999984795811708,0.0,1,0.0,1.0,0.0,1.5,0.0,1.5,0.0,1.0,0.0,1.0,164395.0,0.5,0.0,0.5,0.06762604784482723
fcar,1792,2,0.5283755724607458,0.4999979202685349,0.0,1,0.0,1.0,0.0,1.5,0.0,1.5,0.0,1.0,9979.0,0.5000004192425249,0.0,0.9999995807574751,0.0,0.5,0.005711742613629361
fcar,5798,1,0.6990250147038077,0.49999844038001523,0.0,1,0.0,1.0,0.0,1.5,0.0,1.5,0.0,1.0,0.0,1.0,106313.0,0.5,0.0,0.5,0.04373325237706206
fcar,5384,2,0.7315887099247539,0.49999706265108784,0.0,1,0.0,1.0,0.0,1.5,0.0,1.5,0.0,1.0,88056.0,0.5000004192425249,0.0,0.9999995807574751,0.0,0.5,0.05040116320129743
fcar,537,1,0.7060280473830445,0.4999981793910381,0.0,1,0.0,1.0,0.0,1.5,0.0,1.5,0.0,1.0,0.0,1.0,110541.0,0.5,0.0,0.5,0.04547249584728883
fcar,3596,1,0.8116054125443933,0.49999921716256723,0.0,1,0.0,1.0,0.0,1.5,0.0,1.5,0.0,1.0,0.0,1.0,184258.0,0.5,0.0,0.5,0.07579695443165653
fcar,3349,2,0.7509590687025073,0.49999925789292565,0.0,1,0.0,1.0,0.0,1.5,0.0,1.5,0.0,1.0,96928.0,0.5000004192425249,0.0,0.9999995807574751,0.0,0.5,0.055479285304526185
fcar,4717,1,0.7508435957028449,0.4999984189925673,0.0,1,0.0,1.0,0.0,1.5,0.0,1.5,0.0,1.0,0.0,1.0,139173.0,0.5,0.0,0.5,0.05725064604585383
fcar,5411,2,0.5325321351755609,0.4999994289932796,0.0,1,0.0,1.0,0.0,1.5,0.0,1.5,0.0,1.0,11444.0,0.5000004192425249,0.0,0.9999995807574751,0.0,0.5,0.006550273822063775
fcar,5024,2,0.56688645021735,0.4999972150248373,0.0,1,0.0,1.0,0.0,1.5,0.0,1.5,0.0,1.0,23638.0,0.5000004192425249,0.0,0.9999995807574751,0.0,0.5,0.01352982983274585
fcar,527,2,0.8333041569925249,0.4999977974334921,0.0,1,0.0,1.0,0.0,1.5,0.0,1.5,0.0,1.0,141320.0,0.5000004192425249,0.0,0.9999995807574751,0.0,0.5,0.08088821186071765
fcar,2928,2,0.7997983174482696,0.4999971269837255,0.0,1,0.0,1.0,0.0,1.5,0.0,1.5,0.0,1.0,121632.0,0.5000004192425249,0.0,0.9999995807574751,0.0,0.5,0.06961926822136151
fcar,5648,1,0.5491247401324733,0.4999981775297814,0.0,1,0.0,1.0,0.0,1.5,0.0,1.5,0.0,1.0,0.0,1.0,24872.0,0.5,0.0,0.5,0.010231424690510922
fcar,1843,2,0.5337706152206826,0.49999932843759015,0.0,1,0.0,1.0,0.0,1.5,0.0,1.5,0.0,1.0,11881.0,0.5000004192425249,0.0,0.9999995807574751,0.0,0.5,0.006800402243965372
fcar,5355,2,0.5734788084417165,0.4999980450016341,0.0,1,0.0,1.0,0.0,1.5,0.0,1.5,0.0,1.0,26000.0,0.5000004192425249,0.0,0.9999995807574751,0.0,0.5,0.014881782538767752
fcar,689,2,0.7266655373864861,0.4999995737565931,0.0,1,0.0,1.0,0.0,1.5,0.0,1.5,0.0,1.0,85866.0,0.5000004192425249,0.0,0.9999995807574751,0.0,0.5,0.04914765921053199
fcar,4257,1,0.5534344191468958,0.49999821196096844,0.0,1,0.0,1.0,0.0,1.5,0.0,1.5,0.0,1.0,0.0,1.0,27070.0,0.5,0.0,0.5,0.0111356009316553
fcar,1472,2,0.7761919946595718,0.49999858410147124,0.0,1,0.0,1.0,0.0,1.5,0.0,1.5,0.0,1.0,109212.0,0.5000004192425249,0.0,0.9999995807574751,0.0,0.5,0.06251035517784245
fcar,4221,1,0.523957064134742,0.4999984539969906,0.0,1,0.0,1.0,0.0,1.5,0.0,1.5,0.0,1.0,0.0,1.0,12100.0,0.5,0.0,0.5,0.004977494321131479
fcar,3033,2,0.5478462784269986,0.4999990014058723,0.0,1,0.0,1.0,0.0,1.5,0.0,1.5,0.0,1.0,16859.0,0.5000004192425249,0.0,0.9999995807574751,0.0,0.5,0.009649691223887905
fcar,3398,2,0.5745592411130998,0.4999981299271597,0.0,1,0.0,1.0,0.0,1.5,0.0,1.5,0.0,1.0,26388.0,0.5000004192425249,0.0,0.9999995807574751,0.0,0.5,0.015103864524346287
fcar,1009,2,0.9953244090256324,0.49999797573266225,0.0,1,0.0,1.0,0.0,1.5,0.0,1.5,0.0,1.0,470768.0,0.5000004192425249,0.0,0.9999995807574751,0.0,0.5,0.26945642316194685
fcar,1157,1,0.5606386961768176,0.4999994928994665,0.0,1,0.0,1.0,0.0,1.5,0.0,1.5,0.0,1.0,0.0,1.0,30753.0,0.5,0.0,0.5,0.012650651475847634
fcar,4571,2,0.5620061540131387,0.4999992401627433,0.0,1,0.0,1.0,0.0,1.5,0.0,1.5,0.0,1.0,21894.0,0.5000004192425249,0.0,0.9999995807574751,0.0,0.5,0.012531605650145428
fcar,3251,1,0.7925632997001183,0.49999872060712824,0.0,1,0.0,1.0,0.0,1.5,0.0,1.5,0.0,1.0,0.0,1.0,169115.0,0.5,0.0,0.5,0.06956768199323554
fcar,802,2,0.6941351019777312,0.4999997405400794,0.0,1,0.0,1.0,0.0,1.5,0.0,1.5,0.0,1.0,71969.0,0.5000004192425249,0.0,0.9999995807574751,0.0,0.5,0.04119334644356063
fcar,680,1,0.5064306602604733,0.4999988462443472,0.0,1,0.0,1.0,0.0,1.5,0.0,1.5,0.0,1.0,0.0,1.0,3246.0,0.5,0.0,0.5,0.0013352848401977505
fcar,1242,2,0.548001338591414,0.49999892551793623,0.0,1,0.0,1.0,0.0,1.5,0.0,1.5,0.0,1.0,16914.0,0.5000004192425249,0.0,0.9999995807574751,0.0,0.5,0.009681171917719915
fcar,1855,1,0.5630298963209557,0.49999843490849677,0.0,1,0.0,1.0,0.0,1.5,0.0,1.5,0.0,1.0,0.0,1.0,31979.0,0.5,0.0,0.5,0.013154982718633353
fcar,301,1,0.6878465507057464,0.49999901997532425,0.0,1,0.0,1.0,0.0,1.5,0.0,1.5,0.0,1.0,0.0,1.0,99678.0,0.5,0.0,0.5,0.04100385776378046
fcar,4527,2,0.5206485845556575,0.49999829188116807,0.0,1,0.0,1.0,0.0,1.5,0.0,1.5,0.0,1.0,7258.0,0.5000004192425249,0.0,0.9999995807574751,0.0,0.5,0.004154306833322167
fcar,2020,2,0.5069158466776799,0.4999985742379131,0.0,1,0.0,1.0,0.0,1.5,0.0,1.5,0.0,1.0,2430.0,0.5000004192425249,0.0,0.9999995807574751,0.0,0.5,0.0013908742911232937
fcar,4432,2,0.7248067182494139,0.49999924630055764,0.0,1,0.0,1.0,0.0,1.5,0.0,1.5,0.0,1.0,85046.0,0.5000004192425249,0.0,0.9999995807574751,0.0,0.5,0.04867831068430932
fcar,4534,2,0.7005313539985604,0.499998140835878,0.0,1,0.0,1.0,0.0,1.5,0.0,1.5,0.0,1.0,74631.0,0.5000004192425249,0.0,0.9999995807574751,0.0,0.5,0.04271701202502985
fcar,4754,1,0.7202140241704996,0.49999966504191773,0.0,1,0.0,1.0,0.0,1.5,0.0,1.5,0.0,1.0,0.0,1.0,119290.0,0.5,0.0,0.5,0.049071512195683814
fcar,3824,2,0.6583861506738461,0.49999813180260827,0.0,1,0.0,1.0,0.0,1.5,0.0,1.5,0.0,1.0,57619.0,0.5000004192425249,0.0,0.9999995807574751,0.0,0.5,0.03297974723466381
fcar,3966,2,0.5415909438326743,0.4999987936827213,0.0,1,0.0,1.0,0.0,1.5,0.0,1.5,0.0,1.0,14644.0,0.5000004192425249,0.0,0.9999995807574751,0.0,0.5,0.008381877826835192
fcar,1124,1,0.5915467751382817,0.4999981269588978,0.0,1,0.0,1.0,0.0,1.5,0.0,1.5,0.0,1.0,0.0,1.0,46727.0,0.5,0.0,0.5,0.01922176670607526
fcar,915,2,0.6567509824882591,0.4999989203310994,0.0,1,0.0,1.0,0.0,1.5,0.0,1.5,0.0,1.0,56981.0,0.5000004192425249,0.0,0.9999995807574751,0.0,0.5,0.03261457118621251
fcar,1927,2,0.8028621450395593,0.49999740411968446,0.0,1,0.0,1.0,0.0,1.5,0.0,1.5,0.0,1.0,123322.0,0.5000004192425249,0.0,0.9999995807574751,0.0,0.5,0.07058658408638141
fcar,2848,1,0.5368516464005983,0.499998024297777,0.0,1,0.0,1.0,0.0,1.5,0.0,1.5,0.0,1.0,0.0,1.0,18632.0,0.5,0.0,0.5,0.007664518528208406
fcar,371,1,0.7977503171514165,0.4999984150567337,0.0,1,0.0,1.0,0.0,1.5,0.0,1.5,0.0,1.0,0.0,1.0,173133.0,0.5,0.0,0.5,0.07122053919838482
fcar,618,1,0.6005982429488272,0.49999831500661857,0.0,1,0.0,1.0,0.0,1.5,0.0,1.5,0.0,1.0,0.0,1.0,51470.0,0.5,0.0,0.5,0.02117286220732539
fcar,431,1,0.5461660378740126,0.4999985764325702,0.0,1,0.0,1.0,0.0,1.5,0.0,1.5,0.0,1.0,0.0,1.0,23365.0,0.5,0.0,0.5,0.009611500397788183
fcar,1146,1,0.5244878471033321,0.4999994255132442,0.0,1,0.0,1.0,0.0,1.5,0.0,1.5,0.0,1.0,0.0,1.0,12368.0,0.5,0.0,0.5,0.0050877396498970355
fcar,213,2,0.5200312323331822,0.49999767092703695,0.0,1,0.0,1.0,0.0,1.5,0.0,1.5,0.0,1.0,7041.0,0.5000004192425249,0.0,0.9999995807574751,0.0,0.5,0.004030101186748606
fcar,3586,2,0.5596750345806182,0.4999987693316054,0.0,1,0.0,1.0,0.0,1.5,0.0,1.5,0.0,1.0,21063.0,0.5000004192425249,0.0,0.9999995807574751,0.0,0.5,0.012055960985156353
fcar,1553,1,0.7833654109090661,0.4999979678609037,0.0,1,0.0,1.0,0.0,1.5,0.0,1.5,0.0,1.0,0.0,1.0,162169.0,0.5,0.0,0.5,0.06671035343500585
fcar,3692,2,0.790975528812503,0.499998912219489,0.0,1,0.0,1.0,0.0,1.5,0.0,1.5,0.0,1.0,116870.0,0.5000004192425249,0.0,0.9999995807574751,0.0,0.5,0.06689361251176104
fcar,292,2,0.5197319034804725,0.49999962838805095,0.0,1,0.0,1.0,0.0,1.5,0.0,1.5,0.0,1.0,6935.0,0.5000004192425249,0.0,0.9999995807574751,0.0,0.5,0.003969429304090552
fcar,1656,1,0.8067865351578315,0.499999595460359,0.0,1,0.0,1.0,0.0,1.5,0.0,1.5,0.0,1.0,0.0,1.0,180320.0,0.5,0.0,0.5,0.0741770062798701
fcar,4955,2,0.5436653225816712,0.49999881579434907,0.0,1,0.0,1.0,0.0,1.5,0.0,1.5,0.0,1.0,15378.0,0.5000004192425249,0.0,0.9999995807574751,0.0,0.5,0.008802001995429635
fcar,1889,2,0.6351122867310098,0.4999994891041766,0.0,1,0.0,1.0,0.0,1.5,0.0,1.5,0.0,1.0,48670.0,0.5000004192425249,0.0,0.9999995807574751,0.0,0.5,0.02785755216007025
fcar,4490,1,0.7484694244973431,0.4999983158659023,0.0,1,0.0,1.0,0.0,1.5,0.0,1.5,0.0,1.0,0.0,1.0,137577.0,0.5,0.0,0.5,0.056594110431264916
fcar,1256,1,0.5716730031368865,0.49999938421737966,0.0,1,0.0,1.0,0.0,1.5,0.0,1.5,0.0,1.0,0.0,1.0,36421.0,0.5,0.0,0.5,0.014982257906605753
fcar,3473,1,0.5786141679015528,0.4999991355114869,0.0,1,0.0,1.0,0.0,1.5,0.0,1.5,0.0,1.0,0.0,1.0,40005.0,0.5,0.0,0.5,0.016456583497261555
fcar,3964,1,0.5660279453889642,0.4999996239253468,0.0,1,0.0,1.0,0.0,1.5,0.0,1.5,0.0,1.0,0.0,1.0,33517.0,0.5,0.0,0.5,0.013787659269534198
fcar,3635,1,0.9164967200512855,0.4999992267713698,0.0,1,0.0,1.0,0.0,1.5,0.0,1.5,0.0,1.0,0.0,1.0,302245.0,0.5,0.0,0.5,0.12433246042069289
fcar,601,1,0.5513372696923529,0.49999806048177703,0.0,1,0.0,1.0,0.0,1.5,0.0,1.5,0.0,1.0,0.0,1.0,26000.0,0.5,0.0,0.5,0.010695442342927144
fcar,5739,2,0.7306427105466219,0.49999821835947894,0.0,1,0.0,1.0,0.0,1.5,0.0,1.5,0.0,1.0,87633.0,0.5000004192425249,0.0,0.9999995807574751,0.0,0.5,0.05015904804691671
fcar,657,2,0.52620866204027,0.4999994828327621,0.0,1,0.0,1.0,0.0,1.5,0.0,1.5,0.0,1.0,9215.0,0.5000004192425249,0.0,0.9999995807574751,0.0,0.5,0.0052744471574901865
fcar,4090,2,0.533747572820071,0.499998954877917,0.0,1,0.0,1.0,0.0,1.5,0.0,1.5,0.0,1.0,11873.0,0.5000004192425249,0.0,0.9999995807574751,0.0,0.5,0.006795823233953443
fcar,975,1,0.5783658723214555,0.499998207313689,0.0,1,0.0,1.0,0.0,1.5,0.0,1.5,0.0,1.0,0.0,1.0,39877.0,0.5,0.0,0.5,0.01640392901188099
fcar,4517,1,0.5695498277769387,0.49999885264934424,0.0,1,0.0,1.0,0.0,1.5,0.0,1.5,0.0,1.0,0.0,1.0,35328.0,0.5,0.0,0.5,0.014532637965035776
fcar,1676,2,0.8130910392577859,0.4999970243834449,0.0,1,0.0,1.0,0.0,1.5,0.0,1.5,0.0,1.0,129113.0,0.5000004192425249,0.0,0.9999995807574751,0.0,0.5,0.07390121495876618
fcar,498,1,0.5694378121881016,0.4999995614918864,0.0,1,0.0,1.0,0.0,1.5,0.0,1.5,0.0,1.0,0.0,1.0,35270.0,0.5,0.0,0.5,0.014508778901347708
fcar,4028,2,0.651074130062587,0.49999922923364337,0.0,1,0.0,1.0,0.0,1.5,0.0,1.5,0.0,1.0,54778.0,0.5000004192425249,0.0,0.9999995807574751,0.0,0.5,0.03135362630417769
fcar,2509,2,0.7197838954201733,0.4999989959927278,0.0,1,0.0,1.0,0.0,1.5,0.0,1.5,0.0,1.0,82847.0,0.5000004192425249,0.0,0.9999995807574751,0.0,0.5,0.04741965530728046
fcar,786,2,0.577492171240085,0.4999971133176913,0.0,1,0.0,1.0,0.0,1.5,0.0,1.5,0.0,1.0,27443.0,0.5000004192425249,0.0,0.9999995807574751,0.0,0.5,0.015707721469669363
fcar,4006,2,0.8262813404385752,0.4999973472994276,0.0,1,0.0,1.0,0.0,1.5,0.0,1.5,0.0,1.0,136953.0,0.5000004192425249,0.0,0.9999995807574751,0.0,0.5,0.07838864477045616
fcar,88,2,0.5361064750318862,0.49999804769749434,0.0,1,0.0,1.0,0.0,1.5,0.0,1.5,0.0,1.0,12706.0,0.5000004192425249,0.0,0.9999995807574751,0.0,0.5,0.007272612651445503
fcar,4505,2,0.7824331504907969,0.4999985938955456,0.0,1,0.0,1.0,0.0,1.5,0.0,1.5,0.0,1.0,112399.0,0.5000004192425249,0.0,0.9999995807574751,0.0,0.5,0.06433451829134448
fcar,3313,1,0.5419583877234049,0.4999985230649931,0.0,1,0.0,1.0,0.0,1.5,0.0,1.5,0.0,1.0,0.0,1.0,21225.0,0.5,0.0,0.5,0.00873118322033187
fcar,5820,2,0.6992011826135116,0.4999978230521201,0.0,1,0.0,1.0,0.0,1.5,0.0,1.5,0.0,1.0,74075.0,0.5000004192425249,0.0,0.9999995807574751,0.0,0.5,0.04239877082920082
fcar,1452,1,0.6036611436687416,0.49999831313988374,0.0,1,0.0,1.0,0.0,1.5,0.0,1.5,0.0,1.0,0.0,1.0,53083.0,0.5,0.0,0.5,0.02183639099575391
fcar,335,2,0.8227916786475582,0.4999994116515545,0.0,1,0.0,1.0,0.0,1.5,0.0,1.5,0.0,1.0,134834.0,0.5000004192425249,0.0,0.9999995807574751,0.0,0.5,0.07717577949354659
fcar,753,2,0.5305031542782076,0.49999780995164855,0.0,1,0.0,1.0,0.0,1.5,0.0,1.5,0.0,1.0,10729.0,0.5000004192425249,0.0,0.9999995807574751,0.0,0.5,0.0061410248022476625
fcar,3585,2,0.5240709304030496,0.4999971202860721,0.0,1,0.0,1.0,0.0,1.5,0.0,1.5,0.0,1.0,8463.0,0.5000004192425249,0.0,0.9999995807574751,0.0,0.5,0.004844020216368903
fcar,445,1,0.7628536488806508,0.4999982586216548,0.0,1,0.0,1.0,0.0,1.5,0.0,1.5,0.0,1.0,0.0,1.0,147408.0,0.5,0.0,0.5,0.06063822172639249
fcar,5584,1,0.5449576471604157,0.49999873129366873,0.0,1,0.0,1.0,0.0,1.5,0.0,1.5,0.0,1.0,0.0,1.0,22750.0,0.5,0.0,0.5,0.009358512050061251
fcar,1934,2,0.582284371701255,0.49999848312690326,0.0,1,0.0,1.0,0.0,1.5,0.0,1.5,0.0,1.0,29170.0,0.5000004192425249,0.0,0.9999995807574751,0.0,0.5,0.016696215255994434
fcar,969,1,0.5979526452596706,0.49999851227645964,0.0,1,0.0,1.0,0.0,1.5,0.0,1.5,0.0,1.0,0.0,1.0,50080.0,0.5,0.0,0.5,0.020601067405145824
fcar,1558,1,0.9076342191136418,0.4999991350466682,0.0,1,0.0,1.0,0.0,1.5,0.0,1.5,0.0,1.0,0.0,1.0,288293.0,0.5,0.0,0.5,0.11859312151421136
fcar,3430,1,0.5498076217175599,0.4999982235267635,0.0,1,0.0,1.0,0.0,1.5,0.0,1.5,0.0,1.0,0.0,1.0,25220.0,0.5,0.0,0.5,0.01037457907263933
fcar,4384,2,0.7206502247548526,0.49999773444985574,0.0,1,0.0,1.0,0.0,1.5,0.0,1.5,0.0,1.0,83225.0,0.5000004192425249,0.0,0.9999995807574751,0.0,0.5,0.047636013530344086
fcar,1854,1,0.6822084356187689,0.4999994086860452,0.0,1,0.0,1.0,0.0,1.5,0.0,1.5,0.0,1.0,0.0,1.0,96381.0,0.5,0.0,0.5,0.03964759340206389
fcar,5720,1,0.5291481844140745,0.4999987246905542,0.0,1,0.0,1.0,0.0,1.5,0.0,1.5,0.0,1.0,0.0,1.0,14727.0,0.5,0.0,0.5,0.006058145360934157
fcar,2332,2,0.5219910680628707,0.4999995339067215,0.0,1,0.0,1.0,0.0,1.5,0.0,1.5,0.0,1.0,7730.0,0.5000004192425249,0.0,0.9999995807574751,0.0,0.5,0.004424468424025951
fcar,3136,2,0.7147931290950075,0.49999804071850645,0.0,1,0.0,1.0,0.0,1.5,0.0,1.5,0.0,1.0,80686.0,0.5000004192425249,0.0,0.9999995807574751,0.0,0.5,0.04618275022780826
fcar,1347,2,0.5442951190070038,0.499998687622361,0.0,1,0.0,1.0,0.0,1.5,0.0,1.5,0.0,1.0,15601.0,0.5000004192425249,0.0,0.9999995807574751,0.0,0.5,0.008929641899512142
fcar,3530,2,0.6360150456184476,0.49999742459321006,0.0,1,0.0,1.0,0.0,1.5,0.0,1.5,0.0,1.0,49013.0,0.5000004192425249,0.0,0.9999995807574751,0.0,0.5,0.028053877214331686
fcar,4192,1,0.5230755144223236,0.4999987288624154,0.0,1,0.0,1.0,0.0,1.5,0.0,1.5,0.0,1.0,0.0,1.0,11654.0,0.5,0.0,0.5,0.004794026348633575
fcar,891,2,0.7952381298686475,0.49999707727084974,0.0,1,0.0,1.0,0.0,1.5,0.0,1.5,0.0,1.0,119152.0,0.5000004192425249,0.0,0.9999995807574751,0.0,0.5,0.06819977511766366
fcar,4814,1,0.5039317414479312,0.49999841068488504,0.0,1,0.0,1.0,0.0,1.5,0.0,1.5,0.0,1.0,0.0,1.0,1985.0,0.5,0.0,0.5,0.000816555886565784
fcar,3729,1,0.5171045385051088,0.4999983971406625,0.0,1,0.0,1.0,0.0,1.5,0.0,1.5,0.0,1.0,0.0,1.0,8636.0,0.5,0.0,0.5,0.003552532310519955
fcar,5733,2,0.5069204883303225,0.4999975231879629,0.0,1,0.0,1.0,0.0,1.5,0.0,1.5,0.0,1.0,2432.0,0.5000004192425249,0.0,0.9999995807574751,0.0,0.5,0.001392019043626276
fcar,4859,1,0.8089590043813647,0.4999993209679453,0.0,1,0.0,1.0,0.0,1.5,0.0,1.5,0.0,1.0,0.0,1.0,182086.0,0.5,0.0,0.5,0.07490347363285509
fcar,4714,2,0.5205026926804505,0.49999733910870126,0.0,1,0.0,1.0,0.0,1.5,0.0,1.5,0.0,1.0,7207.0,0.5000004192425249,0.0,0.9999995807574751,0.0,0.5,0.004125115644496123
fcar,1902,1,0.5056752706395565,0.4999983230367922,0.0,1,0.0,1.0,0.0,1.5,0.0,1.5,0.0,1.0,0.0,1.0,2865.0,0.5,0.0,0.5,0.0011785554735571642
fcar,2524,2,0.7045685464320841,0.4999969741278588,0.0,1,0.0,1.0,0.0,1.5,0.0,1.5,0.0,1.0,76328.0,0.5000004192425249,0.0,0.9999995807574751,0.0,0.5,0.04368833452381019
fcar,5003,2,0.5994266412242188,0.4999982968251783,0.0,1,0.0,1.0,0.0,1.5,0.0,1.5,0.0,1.0,35398.0,0.5000004192425249,0.0,0.9999995807574751,0.0,0.5,0.0202609745502808
fcar,1374,1,0.5646238865360264,0.4999979093986984,0.0,1,0.0,1.0,0.0,1.5,0.0,1.5,0.0,1.0,0.0,1.0,32797.0,0.5,0.0,0.5,0.013491477789268522
fcar,1672,2,0.5550091993949461,0.49999924000394,0.0,1,0.0,1.0,0.0,1.5,0.0,1.5,0.0,1.0,19402.0,0.5000004192425249,0.0,0.9999995807574751,0.0,0.5,0.01110524403142969
fcar,3417,1,0.5848344848820749,0.4999997308225977,0.0,1,0.0,1.0,0.0,1.5,0.0,1.5,0.0,1.0,0.0,1.0,43230.0,0.5,0.0,0.5,0.017783229710951556
fcar,5343,2,0.5919514496718757,0.49999910561104316,0.0,1,0.0,1.0,0.0,1.5,0.0,1.5,0.0,1.0,32672.0,0.5000004192425249,0.0,0.9999995807574751,0.0,0.5,0.018700676888716156
fcar,651,2,0.5884165138442751,0.4999977230689547,0.0,1,0.0,1.0,0.0,1.5,0.0,1.5,0.0,1.0,31389.0,0.5000004192425249,0.0,0.9999995807574751,0.0,0.5,0.017966318158053114
fcar,5598,2,0.5318677703223885,0.49999844740428434,0.0,1,0.0,1.0,0.0,1.5,0.0,1.5,0.0,1.0,11210.0,0.5000004192425249,0.0,0.9999995807574751,0.0,0.5,0.0064163377792148665
fcar,5891,1,0.7466682413062711,0.4999979325524614,0.0,1,0.0,1.0,0.0,1.5,0.0,1.5,0.0,1.0,0.0,1.0,136373.0,0.5,0.0,0.5,0.05609882917815398
fcar,4335,2,0.5269685391285476,0.4999985737100555,0.0,1,0.0,1.0,0.0,1.5,0.0,1.5,0.0,1.0,9483.0,0.5000004192425249,0.0,0.9999995807574751,0.0,0.5,0.005427843992889792
fcar,4891,1,0.8263356764480554,0.4999986705804207,0.0,1,0.0,1.0,0.0,1.5,0.0,1.5,0.0,1.0,0.0,1.0,196799.0,0.5,0.0,0.5,0.08095585990945074
fcar,1772,2,0.5602842301473071,0.4999991047702271,0.0,1,0.0,1.0,0.0,1.5,0.0,1.5,0.0,1.0,21280.0,0.5000004192425249,0.0,0.9999995807574751,0.0,0.5,0.012180166631729914
fcar,5433,2,0.6359363425000236,0.49999783979056417,0.0,1,0.0,1.0,0.0,1.5,0.0,1.5,0.0,1.0,48983.0,0.5000004192425249,0.0,0.9999995807574751,0.0,0.5,0.028036705926786955
fcar,5115,2,0.757735916823093,0.4999985161527379,0.0,1,0.0,1.0,0.0,1.5,0.0,1.5,0.0,1.0,100140.0,0.5000004192425249,0.0,0.9999995807574751,0.0,0.5,0.05731775782431549
fcar,1941,1,0.6315899613931595,0.4999985053609332,0.0,1,0.0,1.0,0.0,1.5,0.0,1.5,0.0,1.0,0.0,1.0,68008.0,0.5,0.0,0.5,0.027975986263761125
fcar,4373,2,0.5607128328068226,0.49999851581547744,0.0,1,0.0,1.0,0.0,1.5,0.0,1.5,0.0,1.0,21433.0,0.5000004192425249,0.0,0.9999995807574751,0.0,0.5,0.012267740198208046
fcar,3504,1,0.501062950857881,0.49999885062582305,0.0,1,0.0,1.0,0.0,1.5,0.0,1.5,0.0,1.0,0.0,1.0,537.0,0.5,0.0,0.5,0.00022090202069814912
fcar,3615,2,0.5482525105776302,0.4999990815137593,0.0,1,0.0,1.0,0.0,1.5,0.0,1.5,0.0,1.0,17003.0,0.5000004192425249,0.0,0.9999995807574751,0.0,0.5,0.00973211340410262
fcar,4676,2,0.5031962314673247,0.49999932344479076,0.0,1,0.0,1.0,0.0,1.5,0.0,1.5,0.0,1.0,1123.0,0.5000004192425249,0.0,0.9999995807574751,0.0,0.5,0.0006427785304244688
fcar,3954,1,0.5069312394666552,0.4999981782639765,0.0,1,0.0,1.0,0.0,1.5,0.0,1.5,0.0,1.0,0.0,1.0,3499.0,0.5,0.0,0.5,0.0014393597214577723
fcar,4623,2,0.65094051861968,0.49999739410051747,0.0,1,0.0,1.0,0.0,1.5,0.0,1.5,0.0,1.0,54727.0,0.5000004192425249,0.0,0.9999995807574751,0.0,0.5,0.03132443511535165
fcar,474,2,0.5771694317797719,0.499999539754693,0.0,1,0.0,1.0,0.0,1.5,0.0,1.5,0.0,1.0,27326.0,0.5000004192425249,0.0,0.9999995807574751,0.0,0.5,0.01564075344824491
fcar,2564,1,0.5528526284035784,0.49999829919241073,0.0,1,0.0,1.0,0.0,1.5,0.0,1.5,0.0,1.0,0.0,1.0,26773.0,0.5,0.0,0.5,0.011013426071045709
fcar,5385,2,0.6642162983474348,0.49999786402022445,0.0,1,0.0,1.0,0.0,1.5,0.0,1.5,0.0,1.0,59905.0,0.5000004192425249,0.0,0.9999995807574751,0.0,0.5,0.034288199345572395
fcar,4870,1,0.5068267383783921,0.499998680477394,0.0,1,0.0,1.0,0.0,1.5,0.0,1.5,0.0,1.0,0.0,1.0,3446.0,0.5,0.0,0.5,0.0014175574736048824
fcar,5322,2,0.8020201634543612,0.4999990552643912,0.0,1,0.0,1.0,0.0,1.5,0.0,1.5,0.0,1.0,122855.0,0.5000004192425249,0.0,0.9999995807574751,0.0,0.5,0.07031928437693509
fcar,3327,1,0.5691260927326351,0.4999987906897202,0.0,1,0.0,1.0,0.0,1.5,0.0,1.5,0.0,1.0,0.0,1.0,35110.0,0.5,0.0,0.5,0.014442960794622003
fcar,4984,2,0.7857825486160186,0.49999739815112687,0.0,1,0.0,1.0,0.0,1.5,0.0,1.5,0.0,1.0,114137.0,0.5000004192425249,0.0,0.9999995807574751,0.0,0.5,0.06532930821643597
fcar,4911,2,0.5159420193508353,0.49999967536787543,0.0,1,0.0,1.0,0.0,1.5,0.0,1.5,0.0,1.0,5602.0,0.5000004192425249,0.0,0.9999995807574751,0.0,0.5,0.0032064517608529595
fcar,403,2,0.7535218737250702,0.49999805685112836,0.0,1,0.0,1.0,0.0,1.5,0.0,1.5,0.0,1.0,98136.0,0.5000004192425249,0.0,0.9999995807574751,0.0,0.5,0.05617071581632739
fcar,3200,1,0.5991808653700643,0.4999982825353432,0.0,1,0.0,1.0,0.0,1.5,0.0,1.5,0.0,1.0,0.0,1.0,50725.0,0.5,0.0,0.5,0.020866396647883825
fcar,5119,1,0.7338431621719353,0.4999989233424168,0.0,1,0.0,1.0,0.0,1.5,0.0,1.5,0.0,1.0,0.0,1.0,127956.0,0.5,0.0,0.5,0.05263638540121484
fcar,3201,1,0.796777006678764,0.4999989835955226,0.0,1,0.0,1.0,0.0,1.5,0.0,1.5,0.0,1.0,0.0,1.0,172373.0,0.5,0.0,0.5,0.07090790319143772
fcar,515,1,0.5845757184941354,0.4999988485078515,0.0,1,0.0,1.0,0.0,1.5,0.0,1.5,0.0,1.0,0.0,1.0,43096.0,0.5,0.0,0.5,0.01772810704656878
fcar,3338,2,0.7009881482457421,0.4999989952150382,0.0,1,0.0,1.0,0.0,1.5,0.0,1.5,0.0,1.0,74822.0,0.5000004192425249,0.0,0.9999995807574751,0.0,0.5,0.04282633588906464
fcar,1175,1,0.5081262047283158,0.4999985297881367,0.0,1,0.0,1.0,0.0,1.5,0.0,1.5,0.0,1.0,0.0,1.0,4102.0,0.5,0.0,0.5,0.001687411711180275
fcar,15,2,0.7106408873012436,0.49999826102575723,0.0,1,0.0,1.0,0.0,1.5,0.0,1.5,0.0,1.0,78905.0,0.5000004192425249,0.0,0.9999995807574751,0.0,0.5,0.04516334812390267
fcar,5254,1,0.8186434918702441,0.4999989129000558,0.0,1,0.0,1.0,0.0,1.5,0.0,1.5,0.0,1.0,0.0,1.0,190151.0,0.5,0.0,0.5,0.07822111757499768
fcar,1485,1,0.8062964438323896,0.49999905580674886,0.0,1,0.0,1.0,0.0,1.5,0.0,1.5,0.0,1.0,0.0,1.0,179924.0,0.5,0.0,0.5,0.07401410646572398
fcar,1426,2,0.7489427391423906,0.49999853417992096,0.0,1,0.0,1.0,0.0,1.5,0.0,1.5,0.0,1.0,95984.0,0.5000004192425249,0.0,0.9999995807574751,0.0,0.5,0.05493896212311861
